title,pdf,arxiv,keywords,conference_day
Few-shot Acoustic Synthesis with Multimodal Flow Matching,https://openaccess.thecvf.com/content/CVPR2026/papers/Brunetto_Few-shot_Acoustic_Synthesis_with_Multimodal_Flow_Matching_CVPR_2026_paper.pdf,https://arxiv.org/abs/2603.19176,few-shot acoustic synthesis; multimodal flow matching; flow-matching acoustic generation; room impulse responses; neural acoustic fields; diffusion transformer; novel scene acoustics; acoustic-geometry embedding; geometry-consistent evaluation; data-efficient acoustic synthesis,2026-06-06
Anatomica: Localized Control over Geometric and Topological Properties for Anatomical Diffusion Models,https://openaccess.thecvf.com/content/CVPR2026/papers/Kadry_Anatomica_Localized_Control_over_Geometric_and_Topological_Properties_for_Anatomical_CVPR_2026_paper.pdf,https://arxiv.org/abs/2511.20587,localized geo-topological control; anatomical voxel maps; cuboidal control domains; differentiable penalty functions; voxel-wise moments; persistent homology; latent diffusion models; neural field decoders; synthetic anatomical datasets; virtual trials,2026-06-06
UniCompress: Token Compression for Unified Vision-Language Understanding and Generation,https://openaccess.thecvf.com/content/CVPR2026/papers/Wang_UniCompress_Token_Compression_for_Unified_Vision-Language_Understanding_and_Generation_CVPR_2026_paper.pdf,https://arxiv.org/abs/2603.11320,unified vision-language models; token compression; visual token reduction; discrete image tokens; autoregressive multimodal framework; image understanding; image generation; learnable global meta tokens; plug-in compression-decompression mechanism; token-efficient unified modeling,2026-06-06
MooCap: A Multi-View Benchmark for Cow-Object-Human Interaction and Behavior Dynamics,https://openaccess.thecvf.com/content/CVPR2026/papers/Noronha_MooCap_A_Multi-View_Benchmark_for_Cow-Object-Human_Interaction_and_Behavior_Dynamics_CVPR_2026_paper.pdf,,animal behavior analysis; multi-view video; pose estimation; temporal action segmentation; animal-object-human interaction; behavior recognition; multi-entity tracking; keypoint trajectories; behavioral dynamics; fine-grained action annotation,2026-06-06
AURA: Multi-modal Shared Autonomy for Urban Navigation,https://openaccess.thecvf.com/content/CVPR2026/papers/Ma_AURA_Multi-modal_Shared_Autonomy_for_Urban_Navigation_CVPR_2026_paper.pdf,,Shared autonomy; Vision-Language AI; urban navigation; human-AI collaboration; Spatial-Aware Instruction Encoder; mobile robot control; teleoperation; instruction following; takeoverreduction; online adaptation,2026-06-06
Geometry-Aligned and Anomaly-Aware Reconstruction for 3D Anomaly Detection,https://openaccess.thecvf.com/content/CVPR2026/papers/Wu_Geometry-Aligned_and_Anomaly-Aware_Reconstruction_for_3D_Anomaly_Detection_CVPR_2026_paper.pdf,,point cloud anomaly detection; reconstruction-based diffusion; geometry-aligned noise; surface normals; anomaly-aware references; vertex-graph consistency; adaptive transformer; anomaly localization; 3D anomaly detection; automated manufacturing,2026-06-06
CogDriver: Integrating Cognitive Inertia for Temporally Coherent Planning in Autonomous Driving,https://openaccess.thecvf.com/content/CVPR2026/papers/Liu_CogDriver_Integrating_Cognitive_Inertia_for_Temporally_Coherent_Planning_in_Autonomous_CVPR_2026_paper.pdf,https://arxiv.org/abs/2509.00789,temporally coherent planning; autonomous driving; cognitive inertia; vision-language models; decision jitter; vision-language-action dataset; sparse temporal memory; spatiotemporal knowledge distillation; closed-loop Driving Score; Bench2Drive,2026-06-06
"WISER: Wider Search, Deeper Thinking, and Adaptive Fusion for Training-Free Zero-Shot Composed Image Retrieval",https://openaccess.thecvf.com/content/CVPR2026/papers/Wang_WISER_Wider_Search_Deeper_Thinking_and_Adaptive_Fusion_for_Training-Free_CVPR_2026_paper.pdf,https://arxiv.org/abs/2602.23029,Zero-Shot Composed Image Retrieval; multimodal query; training-free retrieval; Text-to-Image retrieval; Image-to-Image retrieval; retrieve-verify-refine pipeline; intent awareness; uncertainty awareness; Adaptive Fusion; structured self-reflection,2026-06-06
TraceGen: World Modeling in 3D Trace Space Enables Learning from Cross-Embodiment Videos,https://openaccess.thecvf.com/content/CVPR2026/papers/Lee_TraceGen_World_Modeling_in_3D_Trace_Space_Enables_Learning_from_CVPR_2026_paper.pdf,https://arxiv.org/abs/2511.21690,3D trace-space; world modeling; cross-embodiment videos; robot task learning; scene-level trajectories; manipulation; TraceForge data pipeline; 3D motion prior; uncalibrated human demonstrations; video-based world models,2026-06-06
Frequency Switching Mechanism for Parameter-Efficient Multi-Task Learning,https://openaccess.thecvf.com/content/CVPR2026/papers/Liu_Frequency_Switching_Mechanism_for_Parameter-Efficient_Multi-Task_Learning_CVPR_2026_paper.pdf,,Multi-task learning; Parameter-efficient fine-tuning; Frequency switching; Low-rank adaptation; Sinusoidal modulation; Weight modulation; Dense prediction; Frequency-based parameter sharing; Convolutional priors; Task specialization,2026-06-06
FluidGaussian: Propagating Simulation-Based Uncertainty Toward Functionally-Intelligent 3D Reconstruction,https://openaccess.thecvf.com/content/CVPR2026/papers/Liu_FluidGaussian_Propagating_Simulation-Based_Uncertainty_Toward_Functionally-Intelligent_3D_Reconstruction_CVPR_2026_paper.pdf,https://arxiv.org/abs/2603.21356,3D reconstruction; simulation-based uncertainty; fluid-structure interactions; active learning; physical fidelity; 3D Gaussian Splatting; multi-view 2D images; photometric losses; velocity divergence; surface quality,2026-06-06
CVA: Context-aware Video-text Alignment for Video Temporal Grounding,https://openaccess.thecvf.com/content/CVPR2026/papers/Moon_CVA_Context-aware_Video-text_Alignment_for_Video_Temporal_Grounding_CVPR_2026_paper.pdf,https://arxiv.org/abs/2603.24934,Context-aware Video-text Alignment; video temporal grounding; temporally sensitive video-text alignment; Query-aware Context Diversification; video-text similarity-based replacement clips; Context-invariant Boundary Discrimination loss; contrastive loss; Context-enhanced Transformer Encoder; multi-scale temporal context; false negatives,2026-06-06
PAS: A Training-Free Stabilizer for Temporal Encoding in Video LLMs,https://openaccess.thecvf.com/content/CVPR2026/papers/Sun_PAS_A_Training-Free_Stabilizer_for_Temporal_Encoding_in_Video_LLMs_CVPR_2026_paper.pdf,https://arxiv.org/abs/2511.10979,Video LLMs; temporal inconsistency; Rotary Position Embeddings; multimodal RoPE; inverse Fourier time kernel; Phase Aggregated Smoothing; training-free temporal encoding; phase offsets across heads; Lipschitz stability; video understanding benchmarks,2026-06-06
CanonCGT: Reference-Based Color Grading via Canonical Pivot Representation,https://openaccess.thecvf.com/content/CVPR2026/papers/Ko_CanonCGT_Reference-Based_Color_Grading_via_Canonical_Pivot_Representation_CVPR_2026_paper.pdf,,Color grading; Reference-based image processing; Canonical representation; Tone mapping; Style transfer; Self-supervised learning; Color harmony; Photorealistic rendering; Dual-phase training; Preset learning,2026-06-06
Every Error has Its Magnitude: Asymmetric Mistake Severity Training for Multiclass Multiple Instance Learning,https://openaccess.thecvf.com/content/CVPR2026/papers/Hong_Every_Error_has_Its_Magnitude_Asymmetric_Mistake_Severity_Training_for_CVPR_2026_paper.pdf,https://arxiv.org/abs/2603.13682,Multiple Instance Learning; Whole Slide Image diagnosis; mistake-severity-aware training; multiclass misclassification severity; hierarchical diagnostic classes; severity-weighted cross-entropy loss; hierarchical consistency; probabilistic alignment; semantic feature remix; Mikel's Wheel-based metric,2026-06-06
Thinking in 360deg: Humanoid Visual Search in the Wild,https://openaccess.thecvf.com/content/CVPR2026/papers/Yu_Thinking_in_360deg_Humanoid_Visual_Search_in_the_Wild_CVPR_2026_paper.pdf,,360° panoramic images; humanoid visual search; embodied agents; head and eye control; object search; path search; visual-spatial reasoning; multimodal LLMs; in-the-wild scenes; benchmark dataset,2026-06-06
Towards Unified Human Perception and Machine Understanding: Token Flow Guided Compression Framework,https://openaccess.thecvf.com/content/CVPR2026/papers/Xu_Towards_Unified_Human_Perception_and_Machine_Understanding_Token_Flow_Guided_CVPR_2026_paper.pdf,,Large Vision Language Models; image compression; semantic understanding; token-based compression; flexible bitrate control; ultra-low bitrate; token flow; latent representations; semantic alignment; machine-oriented objectives,2026-06-06
Point4Cast: Streaming Dynamic Scene Reconstruction and Forecasting,https://openaccess.thecvf.com/content/CVPR2026/papers/Liu_Point4Cast_Streaming_Dynamic_Scene_Reconstruction_and_Forecasting_CVPR_2026_paper.pdf,,3D scene reconstruction; dynamic scene understanding; temporal forecasting; point cloud; streaming video; 3D Gaussian representations; scene flow estimation; latent spacetime representation; novel view synthesis; autonomous driving,2026-06-06
Generalizable Video Quality Assessment via Weak-to-Strong Learning,https://openaccess.thecvf.com/content/CVPR2026/papers/Cao_Generalizable_Video_Quality_Assessment_via_Weak-to-Strong_Learning_CVPR_2026_paper.pdf,,Video quality assessment; weak-to-strong learning; out-of-distribution generalization; perceptual quality prediction; learn-to-rank; teacher-student learning; synthetic distortion simulation; iterative training; video degradation; generalization without human labels,2026-06-06
VisPlay: Self-Evolving Vision-Language Models,https://openaccess.thecvf.com/content/CVPR2026/papers/He_VisPlay_Self-Evolving_Vision-Language_Models_CVPR_2026_paper.pdf,https://arxiv.org/abs/2511.15661,self-evolving Vision-Language Models; reinforcement learning; unlabeled image data; Image-Conditioned Questioner; Multimodal Reasoner; silver responses; Group Relative Policy Optimization; diversity and difficulty rewards; visual reasoning; hallucination reduction,2026-06-06
DeepScan: A Training-Free Framework for Visually Grounded Reasoning in Large Vision-Language Models,https://openaccess.thecvf.com/content/CVPR2026/papers/Li_DeepScan_A_Training-Free_Framework_for_Visually_Grounded_Reasoning_in_Large_CVPR_2026_paper.pdf,https://arxiv.org/abs/2603.03857,DeepScan; training-free framework; visually grounded reasoning; Large Vision-Language Models; Hierarchical Scanning; Refocusing; Evidence-Enhanced Reasoning; multi-scale evidence extraction; hybrid evidence memory; fine-grained visual understanding,2026-06-06
APEX: A Decoupled Memory-based Explorer for Asynchronous Aerial Object Goal Navigation,https://openaccess.thecvf.com/content/CVPR2026/papers/Zhang_APEX_A_Decoupled_Memory-based_Explorer_for_Asynchronous_Aerial_Object_Goal_CVPR_2026_paper.pdf,https://arxiv.org/abs/2602.00551,Aerial Object Goal Navigation; Embodied AI; Unmanned Aerial Vehicle; Dynamic Spatio-Semantic Mapping Memory; Vision-Language Model; 3D Attraction Exploration Obstacle maps; reinforcement learning control policy; Target Grounding Module; open-vocabulary detection; hierarchical asynchronous exploration,2026-06-06
Rationale-Enhanced Decoding for Multi-modal Chain-of-Thought,https://openaccess.thecvf.com/content/CVPR2026/papers/Yamaguchi_Rationale-Enhanced_Decoding_for_Multi-modal_Chain-of-Thought_CVPR_2026_paper.pdf,https://arxiv.org/abs/2507.07685,large vision-language models; multi-modal chain-of-thought; rationale-enhanced decoding; rationale-conditional log-likelihood; KL-constrained reward maximization; plug-and-play inference-time decoding; image-conditional token distributions; rationale-conditional token distributions; rationale-grounded multi-modal reasoning; visual-language reasoning benchmarks,2026-06-06
D$^2$-FOSA: Dual-Diffusion Guided EEG-to-Image Reconstruction with Frequency-Oriented Semantic Alignment,https://openaccess.thecvf.com/content/CVPR2026/papers/Yu_D2-FOSA_Dual-Diffusion_Guided_EEG-to-Image_Reconstruction_with_Frequency-Oriented_Semantic_Alignment_CVPR_2026_paper.pdf,,EEG-to-image reconstruction; brain-computer interface; frequency-oriented semantic alignment; Frequency-Spatio-Temporal Dynamics Encoder; Frequency-Oriented Mamba; CLIP-aligned visual semantic space; contrastive learning; Dual Diffusion Latent Generator; cross-modal alignment; cycle-consistent generation,2026-06-06
Spherical Voronoi: Directional Appearance as a Differentiable Partition of the Sphere,https://openaccess.thecvf.com/content/CVPR2026/papers/Di_Sario_Spherical_Voronoi_Directional_Appearance_as_a_Differentiable_Partition_of_the_CVPR_2026_paper.pdf,https://arxiv.org/abs/2512.14180,Spherical Voronoi; directional appearance modeling; differentiable sphere partitioning; 3D Gaussian Splatting; novel view synthesis; Spherical Harmonics limitations; high-frequency view-dependent effects; specular reflections; learnable reflection probes; explicit 3D representations,2026-06-06
Test-time Ego-Exo-centric Adaptation for Action Anticipation via Multi-Label Prototype Growing and Dual-Clue Consistency,https://openaccess.thecvf.com/content/CVPR2026/papers/Shi_Test-time_Ego-Exo-centric_Adaptation_for_Action_Anticipation_via_Multi-Label_Prototype_Growing_CVPR_2026_paper.pdf,https://arxiv.org/abs/2603.09798,test-time Ego-Exo adaptation; action anticipation; Dual-Clue enhanced Prototype Growing Network; Multi-Label Prototype Growing Module; dual-clue consistency; multi-label assignment; confidence-based reweighting; class-wise memory banks; entropy priority queue; EgoExoLearn benchmark,2026-06-06
DreamStereo: Towards Real-Time Stereo Inpainting for HD Videos,https://openaccess.thecvf.com/content/CVPR2026/papers/Huang_DreamStereo_Towards_Real-Time_Stereo_Inpainting_for_HD_Videos_CVPR_2026_paper.pdf,https://arxiv.org/abs/2604.12270,stereo video inpainting; real-time stereo inpainting; HD video inpainting; Gradient-Aware Parallax Warping; backward warping; occlusion masks; Parallax-Based Dual Projection; geometrically consistent stereo pairs; Sparsity-Aware Stereo Inpainting; diffusion inference,2026-06-06
Boosting Reasoning in Large Multimodal Models via Activation Replay,https://openaccess.thecvf.com/content/CVPR2026/papers/Xing_Boosting_Reasoning_in_Large_Multimodal_Models_via_Activation_Replay_CVPR_2026_paper.pdf,https://arxiv.org/abs/2511.19972,Activation Replay; Large Multimodal Models; Reinforcement Learning with Verifiable Rewards; multimodal reasoning; logit lens; low-entropy activations; visual tokens; test-time activation manipulation; post-trained LMMs; video reasoning,2026-06-06
Enhancing Part-Level Point Grounding for Any Open-Source MLLMs,https://openaccess.thecvf.com/content/CVPR2026/papers/Jhang_Enhancing_Part-Level_Point_Grounding_for_Any_Open-Source_MLLMs_CVPR_2026_paper.pdf,,visual grounding; part-level grounding; multimodal large language models; fine-grained localization; attention mechanisms; Q-Synth Module; Attention-to-Point Decoder; point-centric heatmap; robotic manipulation; open-source MLLMs,2026-06-06
RoadSceneBench: A Lightweight Benchmark for Mid-Level Road Scene Understanding,https://openaccess.thecvf.com/content/CVPR2026/papers/Liu_RoadSceneBench_A_Lightweight_Benchmark_for_Mid-Level_Road_Scene_Understanding_CVPR_2026_paper.pdf,https://arxiv.org/abs/2511.22466,mid-level road semantics; road scene understanding; autonomous driving; digital map construction; road topology; dynamic scene structure; visual reasoning; Hierarchical Relational Reward Propagation; temporal consistency; Vision-Language Models,2026-06-06
From Inpainting to Layer Decomposition: Repurposing Generative Inpainting Models for Image Layer Decomposition,https://openaccess.thecvf.com/content/CVPR2026/papers/Chen_From_Inpainting_to_Layer_Decomposition_Repurposing_Generative_Inpainting_Models_for_CVPR_2026_paper.pdf,https://arxiv.org/abs/2511.20996,image layer decomposition; generative inpainting models; diffusion-based inpainting; lightweight finetuning; multi-modal context fusion; linear attention complexity; latent space detail preservation; synthetic dataset; object removal; occlusion recovery,2026-06-06
AeroDGS: Physically Consistent Dynamic Gaussian Splatting for Single-Sequence Aerial 4D Reconstruction,https://openaccess.thecvf.com/content/CVPR2026/papers/Liu_AeroDGS_Physically_Consistent_Dynamic_Gaussian_Splatting_for_Single-Sequence_Aerial_4D_CVPR_2026_paper.pdf,https://arxiv.org/abs/2602.22376,4D scene reconstruction; dynamic Gaussian Splatting; monocular UAV videos; aerial 4D reconstruction; Monocular Geometry Lifting; Physics-Guided Optimization; differentiable ground-support priors; upright-stability priors; trajectory-smoothness priors; dynamic aerial reconstruction,2026-06-06
SMVRT: Implicit Human 3D Modeling Using Sparse Multi-View Volumetric Reconstruction with Transformer Fusion,https://openaccess.thecvf.com/content/CVPR2026/papers/Fan_SMVRT_Implicit_Human_3D_Modeling_Using_Sparse_Multi-View_Volumetric_Reconstruction_CVPR_2026_paper.pdf,,3D human reconstruction; sparse multi-view fusion; implicit 3D modeling; volumetric reconstruction; transformer fusion; occupancy prediction; multi-view feature aggregation; 2D-3D feature encoding; attentional fusion; occluded region modeling,2026-06-06
HCL-FF: Hierarchical and Contrastive Learning for Forward-Forward Algorithm,https://openaccess.thecvf.com/content/CVPR2026/papers/Yao_HCL-FF_Hierarchical_and_Contrastive_Learning_for_Forward-Forward_Algorithm_CVPR_2026_paper.pdf,,Forward-Forward algorithm; local learning; hierarchical learning; contrastive learning; layer-wise training; biological plausibility; feature representation; class-discriminative alignment; goodness objectives; neural network interpretability,2026-06-06
Resolving the Stability-Plasticity Dilemma in Reinforcement Learning via Complementary Continual Critics,https://openaccess.thecvf.com/content/CVPR2026/papers/Sun_Resolving_the_Stability-Plasticity_Dilemma_in_Reinforcement_Learning_via_Complementary_Continual_CVPR_2026_paper.pdf,,Reinforcement Learning; Continual Learning; Plasticity-Stability Dilemma; Dual-Critic Architecture; Elastic Weight Consolidation; Cross-Attention Mechanism; Visual RL; Catastrophic Forgetting; DeepMind Control; Policy Degradation,2026-06-06
PACT: Phase-Like Transition Constraints in Adapter-Based Continual Learning of Vision-Language Models,https://openaccess.thecvf.com/content/CVPR2026/papers/Wang_PACT_Phase-Like_Transition_Constraints_in_Adapter-Based_Continual_Learning_of_Vision-Language_CVPR_2026_paper.pdf,,Continual Learning; Vision-Language Models; Adapter-Based Learning; PAC-Bayesian Analysis; Phase Transition; Orthogonality Constraints; Cross-Task Transfer; Vision Transformer; Stability-Plasticity; Parameter Efficiency,2026-06-06
AnchorFlow: Training-Free 3D Editing via Latent Anchor-Aligned Flows,https://openaccess.thecvf.com/content/CVPR2026/papers/Zhou_AnchorFlow_Training-Free_3D_Editing_via_Latent_Anchor-Aligned_Flows_CVPR_2026_paper.pdf,https://arxiv.org/abs/2511.22357,training-free 3D editing; latent anchor consistency; diffusion sampling; timestep-dependent noise; global latent anchor; relaxed anchor-alignment loss; anchor-aligned update rule; semantic modifications; geometric fidelity; Eval3DEdit benchmark,2026-06-06
Recurrent Video Masked Autoencoders,https://openaccess.thecvf.com/content/CVPR2026/papers/Zoran_Recurrent_Video_Masked_Autoencoders_CVPR_2026_paper.pdf,https://arxiv.org/abs/2512.13684,Recurrent Video Masked-Autoencoders; video representation learning; recurrent computation; temporal structure modeling; asymmetric masking objective; transformer-based recurrent neural network; pixel reconstruction loss; action classification; point and object tracking; stable feature propagation,2026-06-06
GardenDesigner: Encoding Aesthetic Principles into Jiangnan Garden Construction via a Chain of Agents,https://openaccess.thecvf.com/content/CVPR2026/papers/Li_GardenDesigner_Encoding_Aesthetic_Principles_into_Jiangnan_Garden_Construction_via_a_CVPR_2026_paper.pdf,https://arxiv.org/abs/2604.01777,Jiangnan garden construction; Chinese classical gardens; procedural modeling; chain of agents; aesthetic principles; water-centric terrain; explorative pathway rules; garden asset selection; layout optimization agents; Unity interactive interface,2026-06-06
Beyond Caption-Based Queries in Video Moment Retrieval,https://openaccess.thecvf.com/content/CVPR2026/papers/Pujol-Perich_Beyond_Caption-Based_Queries_in_Video_Moment_Retrieval_CVPR_2026_paper.pdf,,Video Moment Retrieval; caption-based queries; search queries; DETR architectures; language gap; multi-moment queries; decoder-query collapse; visual bias; textual queries; generalization challenges,2026-06-06
TEXTRIX: Latent Attribute Grid for Native Texture Generation and Beyond,https://openaccess.thecvf.com/content/CVPR2026/papers/Zeng_TEXTRIX_Latent_Attribute_Grid_for_Native_Texture_Generation_and_Beyond_CVPR_2026_paper.pdf,https://arxiv.org/abs/2512.02993,3D texture generation; multi-view fusion; latent 3D attribute grid; Diffusion Transformer; sparse attention; volumetric space coloring; high-fidelity texture synthesis; 3D part segmentation; semantic attribute prediction; native 3D attribute generation,2026-06-06
"CHEEM: Continual Learning by Reuse, New, Adapt and Skip - A Hierarchical Exploration-Exploitation Approach",https://openaccess.thecvf.com/content/CVPR2026/papers/Savadikar_CHEEM_Continual_Learning_by_Reuse_New_Adapt_and_Skip_-_CVPR_2026_paper.pdf,https://arxiv.org/abs/2303.08250,continual learning; class-incremental continual learning; exemplar-free learning; catastrophic forgetting; stability-plasticity dilemma; Hierarchical Exploration-Exploitation; neural architecture search; task ID inference; Vision Transformers; adaptive model structures,2026-06-06
Mitigating Objectness Bias and Region-to-Text Misalignment for Open-Vocabulary Panoptic Segmentation,https://openaccess.thecvf.com/content/CVPR2026/papers/Kormushev_Mitigating_Objectness_Bias_and_Region-to-Text_Misalignment_for_Open-Vocabulary_Panoptic_Segmentation_CVPR_2026_paper.pdf,,Open-vocabulary panoptic segmentation; objectness bias; region-to-text alignment; CLIP; mask selection; vision-language models; panoptic segmentation; out-of-vocabulary objects; semantic segmentation; instance segmentation,2026-06-06
Relational Visual Similarity,https://openaccess.thecvf.com/content/CVPR2026/papers/Nguyen_Relational_Visual_Similarity_CVPR_2026_paper.pdf,https://arxiv.org/abs/2512.07833,relational visual similarity; image similarity metrics; relational image similarity; relational logic; internal visual relations; representation space; anonymized image captions; Vision-Language model finetuning; relational structure; perceptual attribute similarity,2026-06-06
EReCu: Pseudo-label Evolution Fusion and Refinement with Multi-Cue Learning for Unsupervised Camouflage Detection,https://openaccess.thecvf.com/content/CVPR2026/papers/Jiang_EReCu_Pseudo-label_Evolution_Fusion_and_Refinement_with_Multi-Cue_Learning_for_CVPR_2026_paper.pdf,https://arxiv.org/abs/2603.11521,Unsupervised Camouflaged Object Detection; pseudo-label refinement; Multi-Cue Native Perception; low-level texture cues; mid-level semantics; teacher-student interaction; depthwise separable convolution; Spectral Tensor Attention Fusion; multi-layer attention maps; boundary fidelity,2026-06-06
Learning and Aligning Click-Aware Shape Prior for Interactive Amodal Instance Segmentation,https://openaccess.thecvf.com/content/CVPR2026/papers/Chen_Learning_and_Aligning_Click-Aware_Shape_Prior_for_Interactive_Amodal_Instance_CVPR_2026_paper.pdf,,Amodal instance segmentation; interactive segmentation; shape prior; click-aware learning; triplet loss; deformable attention; occluded region prediction; instance mask estimation; user interaction; shape alignment,2026-06-06
A Multi-Agent Perception-Action Alliance for Efficient Long Video Reasoning,https://openaccess.thecvf.com/content/CVPR2026/papers/Xu_A_Multi-Agent_Perception-Action_Alliance_for_Efficient_Long_Video_Reasoning_CVPR_2026_paper.pdf,https://arxiv.org/abs/2603.14052,multi-agent perception-action exploration; long-video reasoning; A4VL; VideoQA; VLM agents; query-specific perception clues; clue-based alignment; event-driven partitioning; cue-guided block alignment; inference latency,2026-06-06
OntoAug: Rethinking Generative Data Augmentation via Ontology Guidance,https://openaccess.thecvf.com/content/CVPR2026/papers/Wang_OntoAug_Rethinking_Generative_Data_Augmentation_via_Ontology_Guidance_CVPR_2026_paper.pdf,,Generative data augmentation; diffusion models; foreground-background separation; ontology-guided synthesis; image classification; few-shot learning; weakly supervised object localization; semantic fidelity; vision-language models; structured layout control,2026-06-06
EnergyAction: Unimanual to Bimanual Composition with Energy-Based Models,https://openaccess.thecvf.com/content/CVPR2026/papers/Song_EnergyAction_Unimanual_to_Bimanual_Composition_with_Energy-Based_Models_CVPR_2026_paper.pdf,https://arxiv.org/abs/2603.20236,EnergyAction; bimanual manipulation; unimanual manipulation policies; Energy-Based Models; policy composition; dual-arm action coordination; temporal-spatial coordination; energy constraints; energy-aware denoising; robotic manipulation,2026-06-06
MDS-VQA: Model-Informed Data Selection for Video Quality Assessment,https://openaccess.thecvf.com/content/CVPR2026/papers/Zou_MDS-VQA_Model-Informed_Data_Selection_for_Video_Quality_Assessment_CVPR_2026_paper.pdf,https://arxiv.org/abs/2603.11525,video quality assessment; model-informed data selection; dataset curation; failure predictor; ranking objective; deep semantic video features; greedy selection; constrained labeling budget; active fine-tuning; gMAD rank,2026-06-06
SEBA: Sample-Efficient Black-Box Attacks on Visual Reinforcement Learning,https://openaccess.thecvf.com/content/CVPR2026/papers/Huang_SEBA_Sample-Efficient_Black-Box_Attacks_on_Visual_Reinforcement_Learning_CVPR_2026_paper.pdf,https://arxiv.org/abs/2511.09681,black-box adversarial attacks; visual reinforcement learning; image-based continuous control; adversarial perturbations; shadow Q model; cumulative rewards; generative adversarial network; world model; environment dynamics; sample-efficient attacks,2026-06-06
Multimodal Semantic Bias Mitigation for Diverse Text-To-3D Generation,https://openaccess.thecvf.com/content/CVPR2026/papers/Min_Multimodal_Semantic_Bias_Mitigation_for_Diverse_Text-To-3D_Generation_CVPR_2026_paper.pdf,,Text-to-3D generation; multimodal bias; prompt understanding; cross-modality bias; multi-view consistency; 3D content generation; visual-text connections; bias mitigation; quality evaluation; diverse prompts,2026-06-06
Iris: Bringing Real-World Priors into Diffusion Model for Monocular Depth Estimation,https://openaccess.thecvf.com/content/CVPR2026/papers/Cai_Iris_Bringing_Real-World_Priors_into_Diffusion_Model_for_Monocular_Depth_CVPR_2026_paper.pdf,https://arxiv.org/abs/2603.16340,Monocular Depth Estimation; diffusion model; real-world priors; synthetic-to-real domain transfer; Priors-to-Geometry Deterministic schedule; Spectral-Gated Distillation; Spectral-Gated Consistency; high-to-low timestep schedule; high-frequency fidelity; in-the-wild generalization,2026-06-06
RewardFlow: Generate Images by Optimizing What You Reward,https://openaccess.thecvf.com/content/CVPR2026/papers/Susladkar_RewardFlow_Generate_Images_by_Optimizing_What_You_Reward_CVPR_2026_paper.pdf,https://arxiv.org/abs/2604.08536,RewardFlow; diffusion models; flow-matching models; multi-reward Langevin dynamics; differentiable rewards; VQA-based reward; prompt-aware adaptive policy; image editing; compositional generation; semantic alignment,2026-06-06
PAS: Prelim Attention Score for Detecting Object Hallucinations in Large Vision-Language Models,https://openaccess.thecvf.com/content/CVPR2026/papers/Hoang_PAS_Prelim_Attention_Score_for_Detecting_Object_Hallucinations_in_Large_CVPR_2026_paper.pdf,,object hallucinations; vision-language models; attention mechanisms; preliminary tokens; mutual information; image dependency; hallucination detection; LVLMs; inference-time intervention; attention weights,2026-06-06
HOPS: Hierarchical Open-vocabulary Part Segmentation with Attention-Aware Filtering and Affinity-Guided Enhancement,https://openaccess.thecvf.com/content/CVPR2026/papers/Li_HOPS_Hierarchical_Open-vocabulary_Part_Segmentation_with_Attention-Aware_Filtering_and_Affinity-Guided_CVPR_2026_paper.pdf,,Open-vocabulary part segmentation; VLM-based methods; CLIP; DINO; semantic-structural attention fusion; object over-segmentation; part under-segmentation; Attention-Aware Filtering Module; Affinity-Guided Enhancement Module; fine-grained part perception,2026-06-06
Captain Safari: A World Engine with Pose-Aligned 3D Memory,https://openaccess.thecvf.com/content/CVPR2026/papers/Chou_Captain_Safari_A_World_Engine_with_Pose-Aligned_3D_Memory_CVPR_2026_paper.pdf,https://arxiv.org/abs/2511.22815,pose-conditioned world engine; pose-aligned 3D memory; 3D-consistent video generation; 6-DoF camera trajectories; user-controlled camera motion; persistent world memory; pose-aligned world tokens; FPV drone videos; trajectory following; OpenSafari benchmark,2026-06-06
Streaming Video Crime Anticipation with Spatio-Temporal Causal Reasoning,https://openaccess.thecvf.com/content/CVPR2026/papers/Wang_Streaming_Video_Crime_Anticipation_with_Spatio-Temporal_Causal_Reasoning_CVPR_2026_paper.pdf,,Crime anticipation; spatio-temporal causal reasoning; video understanding; visual language models; causal structures; entity dynamics; precursor detection; real-time video analysis; hypergraph reasoning; proactive public safety,2026-06-06
TopoMA: Topology-Guided Multi-Agent Dense RGB 3D Reconstruction via Distributed Inference,https://openaccess.thecvf.com/content/CVPR2026/papers/Zhang_TopoMA_Topology-Guided_Multi-Agent_Dense_RGB_3D_Reconstruction_via_Distributed_Inference_CVPR_2026_paper.pdf,,3D reconstruction; multi-agent collaboration; topology-guided optimization; distributed inference; loop closure; submap fusion; spatial alignment; end-to-end learning; RGB dense reconstruction; real-time SLAM,2026-06-06
Rejection Mixing: Fast Semantic Propagation of Mask Tokens for Efficient DLLM Inference,https://openaccess.thecvf.com/content/CVPR2026/papers/Ye_Rejection_Mixing_Fast_Semantic_Propagation_of_Mask_Tokens_for_Efficient_CVPR_2026_paper.pdf,https://arxiv.org/abs/2602.22868,Diffusion Large Language Models; non-autoregressive inference; parallel decoding; combinatorial contradiction; Rejection Mixing; Continuous Mixing State; mask tokens; continuous-space refinement; discrete diffusion decoding; training-free inference speedup,2026-06-06
CCF: Complementary Collaborative Fusion for Domain Generalized Multi-Modal 3D Object Detection,https://openaccess.thecvf.com/content/CVPR2026/papers/Wu_CCF_Complementary_Collaborative_Fusion_for_Domain_Generalized_Multi-Modal_3D_Object_CVPR_2026_paper.pdf,https://arxiv.org/abs/2603.23276,domain generalized multi-modal 3D object detection; multi-modal fusion; cross-domain generalization; dual-branch proposal-level detectors; LiDAR-camera fusion; Query-Decoupled Loss; LiDAR-Guided Depth Prior; Complementary Cross-Modal Masking; fused decoder; adaptive fusion,2026-06-06
PGR-Net: Prior-Guided ROI Reasoning Network for Brain Tumor MRI Segmentation,https://openaccess.thecvf.com/content/CVPR2026/papers/Lu_PGR-Net_Prior-Guided_ROI_Reasoning_Network_for_Brain_Tumor_MRI_Segmentation_CVPR_2026_paper.pdf,https://arxiv.org/abs/2603.21626,brain tumor MRI segmentation; PGR-Net; Prior-Guided ROI Reasoning Network; spatial priors; ROI-aware framework; hierarchical Top-K ROI decision; WinGS-ROI; Gaussian-Spatial Decay ROI; windowed RetNet backbone; BraTS benchmark,2026-06-06
GenMask: Adapting DiT for Segmentation via Direct Mask Generation,https://openaccess.thecvf.com/content/CVPR2026/papers/Yang_GenMask_Adapting_DiT_for_Segmentation_via_Direct_Mask_Generation_CVPR_2026_paper.pdf,https://arxiv.org/abs/2603.23906,GenMask; Diffusion Transformer; direct mask generation; generative segmentation; binary mask VAE latents; timestep sampling strategy; joint mask-image training; RGB space generation; referring segmentation; reasoning segmentation,2026-06-06
FedCART: Tackling Long-Tailed Distributions in Federated Adversarial Training via Classifier Refinement,https://openaccess.thecvf.com/content/CVPR2026/papers/Qin_FedCART_Tackling_Long-Tailed_Distributions_in_Federated_Adversarial_Training_via_Classifier_CVPR_2026_paper.pdf,,Federated Adversarial Training; long-tailed distributions; data heterogeneity; classifier refinement; feature representations; dual-classifier structure; class prototypes; gradient-based calibration; virtual feature synthesis; adversarial robustness,2026-06-06
Reading Your Actions: Learning Generalizable Action Representations via Pre-training AEMG,https://openaccess.thecvf.com/content/CVPR2026/papers/Huang_Reading_Your_Actions_Learning_Generalizable_Action_Representations_via_Pre-training_AEMG_CVPR_2026_paper.pdf,,electromyography; EMG; self-supervised representation learning; Neuromuscular Contraction Tokenizer; cross-device generalization; zero-shot learning; few-shot adaptation; leave-one-subject-out; human-computer interaction; motor intent decoding,2026-06-06
Frequency-Aware Affinity for Weakly Supervised Semantic Segmentation,https://openaccess.thecvf.com/content/CVPR2026/papers/Yang_Frequency-Aware_Affinity_for_Weakly_Supervised_Semantic_Segmentation_CVPR_2026_paper.pdf,,Weakly Supervised Semantic Segmentation; Class Activation Maps; CAM refinement; Vision Transformers; affinity; Low-Frequency-Aware Alignment; High-Frequency-Aware Rectification; Frequency-Guided CAM Generation; Optimal Transport; object boundary preservation,2026-06-06
OmniVTG: A Large-Scale Dataset and Training Paradigm for Open-World Video Temporal Grounding,https://openaccess.thecvf.com/content/CVPR2026/papers/Zheng_OmniVTG_A_Large-Scale_Dataset_and_Training_Paradigm_for_Open-World_Video_CVPR_2026_paper.pdf,https://arxiv.org/abs/2604.25276,Video Temporal Grounding; open-world VTG; OmniVTG; Multimodal Large Language Models; Self-Correction Chain-of-Thought; Semantic Coverage Iterative Expansion; dense timestamped descriptions; caption-centric data engine; CoT finetuning; zero-shot VTG benchmarks,2026-06-06
Cut to the Chase: Training-free Multimodal Summarization via Chain-of-Events,https://openaccess.thecvf.com/content/CVPR2026/papers/You_Cut_to_the_Chase_Training-free_Multimodal_Summarization_via_Chain-of-Events_CVPR_2026_paper.pdf,https://arxiv.org/abs/2603.06213,Multimodal Summarization; training-free MMS; Chain-of-Events; Hierarchical Event Graph; cross-modal grounding; temporal reasoning; event hierarchy; visual cue localization; causal transitions; style adaptation,2026-06-06
Saliency-Guided Representation with Consistency Policy Learning for Visual Unsupervised Reinforcement Learning,https://openaccess.thecvf.com/content/CVPR2026/papers/Sun_Saliency-Guided_Representation_with_Consistency_Policy_Learning_for_Visual_Unsupervised_Reinforcement_CVPR_2026_paper.pdf,https://arxiv.org/abs/2604.05931,zero-shot unsupervised reinforcement learning; successor representations; high-dimensional visual environments; saliency-guided representation; consistency policy learning; successor measure; task generalization; skill-conditioned action distributions; classifier-free guidance; ExORL benchmark,2026-06-06
I-Scene: 3D Instance Models are Implicit Generalizable Spatial Learners,https://openaccess.thecvf.com/content/CVPR2026/papers/Ling_I-Scene_3D_Instance_Models_are_Implicit_Generalizable_Spatial_Learners_CVPR_2026_paper.pdf,https://arxiv.org/abs/2512.13683,interactive 3D scene generation; 3D instance generator; scene-level learner; model-centric spatial supervision; transferable spatial knowledge; unseen layout generalization; novel object compositions; transferable scene prior; view-centric scene formulation; spatial relations,2026-06-06
Cleaning the Pool: Progressive Filtering of Unlabeled Pools in Deep Active Learning,https://openaccess.thecvf.com/content/CVPR2026/papers/Huseljic_Cleaning_the_Pool_Progressive_Filtering_of_Unlabeled_Pools_in_Deep_CVPR_2026_paper.pdf,https://arxiv.org/abs/2511.22344,deep active learning; unlabeled pool filtering; REFINE ensemble active learning; progressive filtering; coverage-based selection; uncertainty sampling; representativeness sampling; foundation models; classification datasets; audio spectrogram classification,2026-06-06
"Seeing Clearly, Reasoning Confidently: Plug-and-Play Remedies for Vision Language Model Blindness",https://openaccess.thecvf.com/content/CVPR2026/papers/Hu_Seeing_Clearly_Reasoning_Confidently_Plug-and-Play_Remedies_for_Vision_Language_Model_CVPR_2026_paper.pdf,https://arxiv.org/abs/2602.19615,Vision language models; rare object reasoning; object-centric reasoning; plug-and-play module; visual token refinement; multi-modal class embeddings; vision foundation models; synonym-augmented text descriptions; attention-based enhancement module; object-aware detectors,2026-06-06
Dataset Distillation by Influence Matching,https://openaccess.thecvf.com/content/CVPR2026/papers/Tan_Dataset_Distillation_by_Influence_Matching_CVPR_2026_paper.pdf,,dataset distillation; influence matching; sample-level influence estimation; outcome-centric learning; synthetic data generation; parameter alignment; vision-language models; image classification; inverse-Hessian approximation; gradient-based optimization,2026-06-06
Efficient Video Object Segmentation and Tracking with Recurrent Dynamic Submodel,https://openaccess.thecvf.com/content/CVPR2026/papers/Tang_Efficient_Video_Object_Segmentation_and_Tracking_with_Recurrent_Dynamic_Submodel_CVPR_2026_paper.pdf,,Video object segmentation; temporal correlations; dynamic networks; model pruning; vision foundation models; recurrent architecture; Prediction-Aware Router; LoRA fine-tuning; computational efficiency; adaptive submodel selection,2026-06-06
Zero-Shot Depth Completion with Vision-Language Model,https://openaccess.thecvf.com/content/CVPR2026/papers/Yan_Zero-Shot_Depth_Completion_with_Vision-Language_Model_CVPR_2026_paper.pdf,,Vision-Language Models; depth completion; zero-shot learning; sparse depth injection; 3D perception; semantic understanding; cross-modal learning; geometric perception; visual tokenization; textual supervision,2026-06-06
SAVA-X: Ego-to-Exo Imitation Error Detection via Scene-Adaptive View Alignment and Bidirectional Cross View Fusion,https://openaccess.thecvf.com/content/CVPR2026/papers/Li_SAVA-X_Ego-to-Exo_Imitation_Error_Detection_via_Scene-Adaptive_View_Alignment_and_CVPR_2026_paper.pdf,https://arxiv.org/abs/2603.12764,Ego-to-Exo Imitation Error Detection; scene-adaptive view alignment; bidirectional cross-view fusion; asynchronous ego and exo videos; procedural step localization; cross-view domain shift; temporal misalignment; view-conditioned adaptive sampling; scene-adaptive view embeddings; bidirectional cross-attention fusion,2026-06-06
Rosetta Stone For Unified MLLMs: A Unified Tokenizer to Decipher Understanding and Generation,https://openaccess.thecvf.com/content/CVPR2026/papers/Sun_Rosetta_Stone_For_Unified_MLLMs_A_Unified_Tokenizer_to_Decipher_CVPR_2026_paper.pdf,,unified tokenizer; visual tokenization; multimodal large language models; vision-language understanding; image generation; contrastive learning; codebook learning; semantic feature supervision; discrete embeddings; vision-language alignment,2026-06-06
Anomaly as Non-Conformity via Training-Free Graph Laplacian Energy Minimization,https://openaccess.thecvf.com/content/CVPR2026/papers/Seo_Anomaly_as_Non-Conformity_via_Training-Free_Graph_Laplacian_Energy_Minimization_CVPR_2026_paper.pdf,,Unsupervised anomaly detection; Graph Laplacian energy; Normal feature manifold; Training-free; Non-conformity scoring; Bipartite graph construction; Anomaly localization; Convex optimization; Feature drift; Image anomaly detection,2026-06-06
TTL: Test-time Textual Learning for OOD Detection with Pretrained Vision-Language Models,https://openaccess.thecvf.com/content/CVPR2026/papers/Ye_TTL_Test-time_Textual_Learning_for_OOD_Detection_with_Pretrained_Vision-Language_CVPR_2026_paper.pdf,https://arxiv.org/abs/2604.15756,Test-time Textual Learning; OOD detection; pretrained vision-language models; CLIP; test-time adaptation; learnable prompts; pseudo-labeled test samples; OOD knowledge purification; OOD Textual Knowledge Bank; score calibration,2026-06-06
FreqSIC: Frequency-aware Stereo Image Compression with Bi-directional Checkerboard Context Model,https://openaccess.thecvf.com/content/CVPR2026/papers/Qin_FreqSIC_Frequency-aware_Stereo_Image_Compression_with_Bi-directional_Checkerboard_Context_Model_CVPR_2026_paper.pdf,,Stereo image compression; Inter-view redundancy; Frequency-aware context modeling; Checkerboard entropy coding; High-frequency preservation; Bi-directional context; Rate-distortion optimization; Autoregressive entropy models; 3D vision; Spatial-frequency decomposition,2026-06-06
Less is More: Data-Efficient Adaptation for Controllable Text-to-Video Generation,https://openaccess.thecvf.com/content/CVPR2026/papers/Cheng_Less_is_More_Data-Efficient_Adaptation_for_Controllable_Text-to-Video_Generation_CVPR_2026_paper.pdf,https://arxiv.org/abs/2511.17844,text-to-video diffusion models; controllable text-to-video generation; data-efficient fine-tuning; generative controls; physical camera parameters; shutter speed control; aperture control; sparse synthetic data; low-quality synthetic data; photorealistic real data,2026-06-06
Socratic-Geo: Synthetic Data Generation and Cross-Modal Geometric Reasoning via Multi-Agent Interaction,https://openaccess.thecvf.com/content/CVPR2026/papers/Jiao_Socratic-Geo_Synthetic_Data_Generation_and_Cross-Modal_Geometric_Reasoning_via_Multi-Agent_CVPR_2026_paper.pdf,,Multimodal Large Language Models; geometric reasoning; synthetic data generation; multi-agent interaction; preference learning; vision-language understanding; image-text pairs; programmatic drawing; cross-modal reasoning; data augmentation,2026-06-06
SATTC: Structure-Aware Label-Free Test-Time Calibration for Cross-Subject EEG-to-Image Retrieval,https://openaccess.thecvf.com/content/CVPR2026/papers/Huang_SATTC_Structure-Aware_Label-Free_Test-Time_Calibration_for_Cross-Subject_EEG-to-Image_Retrieval_CVPR_2026_paper.pdf,https://arxiv.org/abs/2603.20738,cross-subject EEG-to-image retrieval; visual decoding; subject shift; hubness; Structure-Aware Test-Time Calibration; subject-adaptive whitening; Cross-domain Similarity Local Scaling; mutual nearest neighbors; leave-one-subject-out protocol; neural decoding,2026-06-06
Fine-Grained Multi Image Object Hallucination Benchmark,https://openaccess.thecvf.com/content/CVPR2026/papers/Min_Fine-Grained_Multi_Image_Object_Hallucination_Benchmark_CVPR_2026_paper.pdf,,multimodal large language models; object hallucination; multi-image reasoning; visual context; fine-grained benchmark; existence detection; counting task; attribute recognition; position reasoning; adversarial evaluation,2026-06-06
MixerCSeg: An Efficient Mixer Architecture for Crack Segmentation via Decoupled Mamba Attention,https://openaccess.thecvf.com/content/CVPR2026/papers/Zhao_MixerCSeg_An_Efficient_Mixer_Architecture_for_Crack_Segmentation_via_Decoupled_CVPR_2026_paper.pdf,https://arxiv.org/abs/2603.01361,crack segmentation; MixerCSeg; decoupled Mamba attention; TransMixer; CNN-like pathways; Transformer-style paths; sequential context modeling; Direction-guided Edge Gated Convolution; Spatial Refinement Multi-Level Fusion; multi-scale detail refinement,2026-06-06
Co-Me: Confidence Guided Token Merging for Visual Geometric Transformers,https://openaccess.thecvf.com/content/CVPR2026/papers/Chen_Co-Me_Confidence_Guided_Token_Merging_for_Visual_Geometric_Transformers_CVPR_2026_paper.pdf,https://arxiv.org/abs/2511.14751,Confidence-Guided Token Merging; visual geometric transformers; confidence predictor; token uncertainty ranking; token merging; spatial coverage; multi-view transformers; streaming visual transformers; VGGT; real-time 3D perception,2026-06-06
EagleNet: Energy-Aware Fine-Grained Relationship Learning Network for Text-Video Retrieval,https://openaccess.thecvf.com/content/CVPR2026/papers/Chen_EagleNet_Energy-Aware_Fine-Grained_Relationship_Learning_Network_for_Text-Video_Retrieval_CVPR_2026_paper.pdf,https://arxiv.org/abs/2603.25267,text-video retrieval; vision-language pre-trained models; enriched text embeddings; text-frame graph; Fine-Grained Relationship Learning; Energy-Aware Matching; text-frame interactions; cross-modal alignment; sigmoid contrastive loss; frame contextual information,2026-06-06
Local Precise Refinement: A Dual-Gated Mixture-of-Experts for Enhancing Foundation Model Generalization against Spectral Shifts,https://openaccess.thecvf.com/content/CVPR2026/papers/Chen_Local_Precise_Refinement_A_Dual-Gated_Mixture-of-Experts_for_Enhancing_Foundation_Model_CVPR_2026_paper.pdf,https://arxiv.org/abs/2603.13352,Domain Generalization Semantic Segmentation; spectral remote sensing; spectral shifts; foundation model fine-tuning; spatially-adaptive refinement; SpectralMoE; dual-gated Mixture-of-Experts; depth-guided feature refinement; cross-attention fusion; hyperspectral and multispectral imagery,2026-06-06
Stereo World Model: Camera-Guided Stereo Video Generation,https://openaccess.thecvf.com/content/CVPR2026/papers/Sun_Stereo_World_Model_Camera-Guided_Stereo_Video_Generation_CVPR_2026_paper.pdf,https://arxiv.org/abs/2603.17375,StereoWorld; camera-conditioned stereo world model; stereo video generation; binocular geometry; disparity grounding; camera-frame RoPE; camera-aware rotary positional encoding; stereo-aware attention decomposition; epipolar prior; binocular VR rendering,2026-06-06
Accelerating Streaming Video Large Language Models via Hierarchical Token Compression,https://openaccess.thecvf.com/content/CVPR2026/papers/Wang_Accelerating_Streaming_Video_Large_Language_Models_via_Hierarchical_Token_Compression_CVPR_2026_paper.pdf,https://arxiv.org/abs/2512.00891,Streaming Video Large Language Models; hierarchical token compression; Vision Transformer encoding; LLM pre-filling; visual token sequences; temporally similar frames; feature caching; token pruning; spatial-temporal relevance; real-time video understanding,2026-06-06
MS^2Gait: A Multi-Scale Spatio-Temporal Fusion Network for LiDAR-based Gait Recognition,https://openaccess.thecvf.com/content/CVPR2026/papers/Xu_MS2Gait_A_Multi-Scale_Spatio-Temporal_Fusion_Network_for_LiDAR-based_Gait_Recognition_CVPR_2026_paper.pdf,,3D LiDAR gait recognition; point cloud; multi-scale spatio-temporal fusion; gait recognition; hierarchical spatial feature extraction; temporal enhancement transformer; motion coherence; long-range semantic dependencies; non-contact identity verification; robustness to illumination,2026-06-06
Gen3R: 3D Scene Generation Meets Feed-Forward Reconstruction,https://openaccess.thecvf.com/content/CVPR2026/papers/Huang_Gen3R_3D_Scene_Generation_Meets_Feed-Forward_Reconstruction_CVPR_2026_paper.pdf,https://arxiv.org/abs/2601.04090,Gen3R; 3D scene generation; feed-forward reconstruction; VGGT reconstruction model; geometric latents; video diffusion models; RGB video generation; camera pose estimation; depth maps; global point clouds,2026-06-06
REALM: An MLLM-Agent Framework for Open World 3D Reasoning Segmentation and Editing on Gaussian Splatting,https://openaccess.thecvf.com/content/CVPR2026/papers/Shi_REALM_An_MLLM-Agent_Framework_for_Open_World_3D_Reasoning_Segmentation_CVPR_2026_paper.pdf,https://arxiv.org/abs/2510.16410,MLLM-agent framework; open-world 3D reasoning segmentation; 3D object grounding; 3D Gaussian Splatting; Global-to-Local Spatial Grounding; novel view synthesis; reasoning-based instructions; 3D masks; object removal; style transfer,2026-06-06
Unlocking Positive Transfer in Incrementally Learning Surgical Instruments: A Self-reflection Hierarchical Prompt Framework,https://openaccess.thecvf.com/content/CVPR2026/papers/Zhu_Unlocking_Positive_Transfer_in_Incrementally_Learning_Surgical_Instruments_A_Self-reflection_CVPR_2026_paper.pdf,https://arxiv.org/abs/2604.02877,surgical video scene parsing; class incremental segmentation; surgical instrument segmentation; positive forward knowledge transfer; positive backward knowledge transfer; self-reflection hierarchical prompt framework; instrument-aware prompts; hierarchical prompt parsing tree; directed-weighted graph propagation; catastrophic forgetting,2026-06-06
"Restore, Assess, Repeat: A Unified Framework for Iterative Image Restoration",https://openaccess.thecvf.com/content/CVPR2026/papers/Chen_Restore_Assess_Repeat_A_Unified_Framework_for_Iterative_Image_Restoration_CVPR_2026_paper.pdf,https://arxiv.org/abs/2603.26385,iterative image restoration; Image Quality Assessment; latent domain restoration; degradation identification; quality verification; unknown degradations; composite degradations; unified restoration framework; end-to-end trainable restoration; all-in-one assess and restore,2026-06-06
Learning to Identify Out-of-Distribution Objects for 3D LiDAR Anomaly Segmentation,https://openaccess.thecvf.com/content/CVPR2026/papers/Mosco_Learning_to_Identify_Out-of-Distribution_Objects_for_3D_LiDAR_Anomaly_Segmentation_CVPR_2026_paper.pdf,https://arxiv.org/abs/2604.23604,3D LiDAR anomaly segmentation; out-of-distribution objects; autonomous driving; robotic perception; feature distribution modeling; inlier classes; anomalous samples; mixed real-synthetic datasets; semantic segmentation benchmarks; domain gap,2026-06-06
Object-Generalized Re-Identification: A Step Towards Universal Instance Perception,https://openaccess.thecvf.com/content/CVPR2026/papers/Chen_Object-Generalized_Re-Identification_A_Step_Towards_Universal_Instance_Perception_CVPR_2026_paper.pdf,,Object re-identification; Meta-learning; Category generalization; Identity representation learning; Domain adaptation; Cross-category transfer; Semantic distributional regularization; Universal instance perception; Structural invariance; Multi-domain evaluation,2026-06-06
Towards Real-World Document Parsing via Realistic Scene Synthesis and Document-Aware Training,https://openaccess.thecvf.com/content/CVPR2026/papers/Li_Towards_Real-World_Document_Parsing_via_Realistic_Scene_Synthesis_and_Document-Aware_CVPR_2026_paper.pdf,https://arxiv.org/abs/2603.23885,document parsing; multimodal large language models; realistic scene synthesis; document-aware training; end-to-end parsing data; layout templates; structure-token optimization; progressive learning; Wild-OmniDocBench; real-world captured documents,2026-06-06
Wavelet-based Frame Selection by Detecting Semantic Boundary for Long Video Understanding,https://openaccess.thecvf.com/content/CVPR2026/papers/Chen_Wavelet-based_Frame_Selection_by_Detecting_Semantic_Boundary_for_Long_Video_CVPR_2026_paper.pdf,https://arxiv.org/abs/2603.00512,wavelet-based frame selection; semantic boundary detection; long video understanding; Large Vision-Language Models; semantic shifts; query-frame similarity signal; wavelet transform; multi-resolution analysis; adaptive frame budget allocation; Maximal Marginal Relevance,2026-06-06
Bridging Pixels and Words: Mask-Aware Local Semantic Fusion for Multimodal Media Verification,https://openaccess.thecvf.com/content/CVPR2026/papers/Chen_Bridging_Pixels_and_Words_Mask-Aware_Local_Semantic_Fusion_for_Multimodal_CVPR_2026_paper.pdf,https://arxiv.org/abs/2603.26052,multimodal media verification; multimodal misinformation detection; Mask-aware Local Semantic Fusion; mask-label pairs; local semantic inconsistencies; Bidirectional Cross-modal Verification; cross-modal verification; Text-as-Query; Image-as-Query; Hierarchical Semantic Aggregation,2026-06-06
CodeV: Code with Images for Faithful Visual Reasoning via Tool-Aware Policy Optimization,https://openaccess.thecvf.com/content/CVPR2026/papers/Hou_CodeV_Code_with_Images_for_Faithful_Visual_Reasoning_via_Tool-Aware_CVPR_2026_paper.pdf,https://arxiv.org/abs/2511.19661,agentic vision-language models; faithful visual reasoning; visual tool-use; faithfulness evaluation protocol; visual search benchmarks; CodeV; Tool-Aware Policy Optimization; process-level reinforcement learning; executable Python visual tools; multimodal reasoning,2026-06-06
Mario: Multimodal Graph Reasoning with Large Language Models,https://openaccess.thecvf.com/content/CVPR2026/papers/Sun_Mario_Multimodal_Graph_Reasoning_with_Large_Language_Models_CVPR_2026_paper.pdf,https://arxiv.org/abs/2603.05181,multimodal graph reasoning; large language models; multimodal graphs; graph-conditioned vision-language models; cross-modal contrastive learning; graph topology; modality-adaptive graph instruction tuning; learnable router; node classification; link prediction,2026-06-06
L3DR: 3D-aware LiDAR Diffusion and Rectification,https://openaccess.thecvf.com/content/CVPR2026/papers/Liu_L3DR_3D-aware_LiDAR_Diffusion_and_Rectification_CVPR_2026_paper.pdf,https://arxiv.org/abs/2602.19064,3D-aware LiDAR diffusion; range-view LiDAR diffusion; LiDAR rectification; RV artifacts; depth bleeding; wavy surfaces; 3D geometry realism; 3D residual regression network; point-level offsets; Welsch Loss,2026-06-06
Semantic Derivative Flow: Graph-Guided Diffusion for Controllable Instance Interactions,https://openaccess.thecvf.com/content/CVPR2026/papers/Mei_Semantic_Derivative_Flow_Graph-Guided_Diffusion_for_Controllable_Instance_Interactions_CVPR_2026_paper.pdf,,3D Gaussian Splatting; novel view synthesis; text-to-image diffusion; graph-guided diffusion; semantic relationships; spatial constraints; derivative attention mechanism; interaction graphs; semantic representation; controllable generation,2026-06-06
MindDriver: Introducing Progressive Multimodal Reasoning for Autonomous Driving,https://openaccess.thecvf.com/content/CVPR2026/papers/Zhang_MindDriver_Introducing_Progressive_Multimodal_Reasoning_for_Autonomous_Driving_CVPR_2026_paper.pdf,https://arxiv.org/abs/2602.21952,progressive multimodal reasoning; autonomous driving; Vision-Language Models; Chain-of-Thought reasoning; semantic-to-physical space imagination; trajectory planning; multimodal reasoning training data; feedback-guided automatic data annotation; progressive reinforcement fine-tuning; Bench2Drive closed-loop evaluation,2026-06-06
STCast: Adaptive Boundary Alignment for Global and Regional Weather Forecasting,https://openaccess.thecvf.com/content/CVPR2026/papers/Chen_STCast_Adaptive_Boundary_Alignment_for_Global_and_Regional_Weather_Forecasting_CVPR_2026_paper.pdf,https://arxiv.org/abs/2509.25210,Spatial-Temporal Weather Forecasting; adaptive regional boundary optimization; dynamic monthly forecast allocation; Spatial-Aligned Attention; global-regional spatial alignment; Temporal Mixture-of-Experts; discrete Gaussian routing; atmospheric variables; extreme event prediction; ensemble forecasting,2026-06-06
Resolving Endpoint Underfitting in Diffusion Bridges via Noise Alignment,https://openaccess.thecvf.com/content/CVPR2026/papers/Gao_Resolving_Endpoint_Underfitting_in_Diffusion_Bridges_via_Noise_Alignment_CVPR_2026_paper.pdf,,diffusion bridges; score matching; image restoration; image translation; endpoint underfitting; noise alignment; variance prediction; noise-aligned mapping; conditional target; image-to-image translation,2026-06-06
Pointer-CAD: Unifying B-Rep and Command Sequences via Pointer-based Edges & Faces Selection,https://openaccess.thecvf.com/content/CVPR2026/papers/Qi_Pointer-CAD_Unifying_B-Rep_and_Command_Sequences_via_Pointer-based_Edges__CVPR_2026_paper.pdf,https://arxiv.org/abs/2603.04337,Pointer-CAD; LLM-based CAD generation; B-rep models; pointer-based command sequences; geometric entity selection; faces and edges selection; chamfer and fillet operations; sketch and extrude operations; quantization error reduction; topological inaccuracies,2026-06-06
VarSplat: Uncertainty-aware 3D Gaussian Splatting for Robust RGB-D SLAM,https://openaccess.thecvf.com/content/CVPR2026/papers/Tran_VarSplat_Uncertainty-aware_3D_Gaussian_Splatting_for_Robust_RGB-D_SLAM_CVPR_2026_paper.pdf,https://arxiv.org/abs/2603.09673,uncertainty-aware 3D Gaussian Splatting; RGB-D SLAM; per-splat appearance variance; per-pixel uncertainty map; alpha compositing; single-pass rasterization; pose estimation; submap registration; loop detection; novel view synthesis,2026-06-06
SafeDrive: Fine-Grained Safety Reasoning for End-to-End Driving in a Sparse World,https://openaccess.thecvf.com/content/CVPR2026/papers/Kim_SafeDrive_Fine-Grained_Safety_Reasoning_for_End-to-End_Driving_in_a_Sparse_CVPR_2026_paper.pdf,https://arxiv.org/abs/2602.18887,end-to-end driving; safety reasoning; trajectory-conditioned Sparse World Model; E2E planning; Sparse World Network; Fine-grained Reasoning Network; agent-specific collision risk; drivable region adherence; safety-critical events; closed-loop driving benchmarks,2026-06-06
CryoKRAQEN: Kernel-Regularized Annealing for Quantized Embedding Networks in Cryo-EM Heterogeneous Reconstruction,https://openaccess.thecvf.com/content/CVPR2026/papers/Gao_CryoKRAQEN_Kernel-Regularized_Annealing_for_Quantized_Embedding_Networks_in_Cryo-EM_Heterogeneous_CVPR_2026_paper.pdf,,Cryo-EM; heterogeneous reconstruction; triplane implicit representations; kernel-guided latent assignment; quantized embeddings; decoder-only framework; conformational changes; macromolecular structure; latent organization; structural diversity,2026-06-06
mVLM: A Vision Language Model for mNPUs,https://openaccess.thecvf.com/content/CVPR2026/papers/Chen_mVLM_A_Vision_Language_Model_for_mNPUs_CVPR_2026_paper.pdf,,Vision Language Models; micro Neural Processing Units; on-device generative AI; lightweight encoder-decoder architecture; Global Spatial Modulation; State Space Models; full-parameter quantization; image captioning; NPU-friendly operators; efficient inference,2026-06-06
Decompose and Transfer: CoT-Prompting Enhanced Alignment for Open-Vocabulary Temporal Action Detection,https://openaccess.thecvf.com/content/CVPR2026/papers/Zhu_Decompose_and_Transfer_CoT-Prompting_Enhanced_Alignment_for_Open-Vocabulary_Temporal_Action_CVPR_2026_paper.pdf,https://arxiv.org/abs/2603.24030,Open-Vocabulary Temporal Action Detection; temporal action localization; untrimmed videos; Phase-wise Decomposition and Alignment; CoT-Prompting Semantic Decomposition; chain-of-thought prompting; large language models; Text-infused Foreground Filtering; Adaptive Phase-wise Alignment; phase-level visual-textual matching,2026-06-06
SliderEdit: Continuous Image Editing with Fine-Grained Instruction Control,https://openaccess.thecvf.com/content/CVPR2026/papers/Zarei_SliderEdit_Continuous_Image_Editing_with_Fine-Grained_Instruction_Control_CVPR_2026_paper.pdf,https://arxiv.org/abs/2511.09715,instruction-based image editing; continuous image editing; fine-grained instruction control; SliderEdit; multi-instruction prompt; slider-based attribute controls; low-rank adaptation matrices; compositional instructions; edit controllability; instruction-driven image manipulation,2026-06-06
Reinforcement-Guided Synthetic Data Generation for Privacy-Sensitive Identity Recognition,https://openaccess.thecvf.com/content/CVPR2026/papers/Jia_Reinforcement-Guided_Synthetic_Data_Generation_for_Privacy-Sensitive_Identity_Recognition_CVPR_2026_paper.pdf,https://arxiv.org/abs/2604.07884,reinforcement-guided synthetic data generation; privacy-sensitive identity recognition; generative priors; cold-start adaptation; multi-objective reward; semantic consistency; coverage diversity; expression richness; dynamic sample selection; adaptive data scaling,2026-06-06
Faithful Contouring: Near-Lossless 3D Voxel Representation Free from Iso-surface,https://openaccess.thecvf.com/content/CVPR2026/papers/Luo_Faithful_Contouring_Near-Lossless_3D_Voxel_Representation_Free_from_Iso-surface_CVPR_2026_paper.pdf,https://arxiv.org/abs/2511.04029,Faithful Contouring; sparse voxelized representation; 3D mesh voxelization; iso-surface-free remeshing; near-lossless geometric fidelity; sharpness preservation; internal structure preservation; dual-mode autoencoder; shape reconstruction; Chamfer Distance,2026-06-06
Image Generation from Contextually-Contradictory Prompts,https://openaccess.thecvf.com/content/CVPR2026/papers/Huberman_Image_Generation_from_Contextually-Contradictory_Prompts_CVPR_2026_paper.pdf,https://arxiv.org/abs/2506.01929,text-to-image diffusion models; contextual contradiction; semantically accurate image generation; concept combinations; learned priors; stage-aware prompt decomposition; denoising process; proxy prompts; large language model prompt analysis; fine-grained semantic control,2026-06-06
An Empirical Study on How Video-LLMs Answer Video Questions,https://openaccess.thecvf.com/content/CVPR2026/papers/Gou_An_Empirical_Study_on_How_Video-LLMs_Answer_Video_Questions_CVPR_2026_paper.pdf,https://arxiv.org/abs/2508.15360,Video Large Language Models; video question answering; attention knockouts; Video Temporal Knockout; Video Spatial Knockout; Language-to-Video Knockout; layer-wise analysis; spatial-temporal modeling; language-guided retrieval; attention computation reduction,2026-06-06
Robust Spiking Neural Networks by Temporal Mutual Information,https://openaccess.thecvf.com/content/CVPR2026/papers/Xu_Robust_Spiking_Neural_Networks_by_Temporal_Mutual_Information_CVPR_2026_paper.pdf,,Spiking Neural Networks; temporal dynamics; robustness; mutual information; information bottleneck; temporal characteristics; spike-based information transmission; Temporal Mutual Information regularizer; adversarial robustness; neuromorphic computing,2026-06-06
GaussFusion: Improving 3D Reconstruction in the Wild with A Geometry-Informed Video Generator,https://openaccess.thecvf.com/content/CVPR2026/papers/Zhu_GaussFusion_Improving_3D_Reconstruction_in_the_Wild_with_A_Geometry-Informed_CVPR_2026_paper.pdf,https://arxiv.org/abs/2603.25053,3D Gaussian Splatting; 3D reconstruction in the wild; geometry-informed video generation; video-to-video generator; Gaussian primitive video buffer; depth and normals encoding; temporal coherence; artifact synthesis pipeline; novel view synthesis; real-time 3D applications,2026-06-06
ShelfOcc: Native 3D Supervision beyond LiDAR for Vision-Based Occupancy Estimation,https://openaccess.thecvf.com/content/CVPR2026/papers/Boeder_ShelfOcc_Native_3D_Supervision_beyond_LiDAR_for_Vision-Based_Occupancy_Estimation_CVPR_2026_paper.pdf,https://arxiv.org/abs/2511.15396,vision-based occupancy estimation; native 3D supervision; semantic voxel labels; LiDAR-free 3D scene understanding; weakly supervised occupancy estimation; 3D geometry foundation models; dynamic driving scenes; static geometry accumulation; stable voxel representation; Occ3D-nuScenes benchmark,2026-06-06
CUBic: Coordinated Unified Bimanual Perception and Control Framework,https://openaccess.thecvf.com/content/CVPR2026/papers/Wang_CUBic_Coordinated_Unified_Bimanual_Perception_and_Control_Framework_CVPR_2026_paper.pdf,https://arxiv.org/abs/2605.13452,visuomotor policy learning; bimanual manipulation; bimanual perception and control; bimanual coordination; shared tokenized representation; unidirectional perception aggregation; bidirectional perception coordination; perception-to-control diffusion policy; RoboTwin benchmark; coordination accuracy,2026-06-06
Unposed-to-3D: Learning Simulation-Ready Vehicles from Real-World Images,https://openaccess.thecvf.com/content/CVPR2026/papers/Liu_Unposed-to-3D_Learning_Simulation-Ready_Vehicles_from_Real-World_Images_CVPR_2026_paper.pdf,https://arxiv.org/abs/2604.19257,image-to-3D reconstruction; 3D vehicle generation; unposed images; camera parameter prediction; differentiable rendering; self-supervised photometric feedback; scale-aware module; scene harmonization; driving scene simulation; digital twin environments,2026-06-06
SketchAssist: A Practical Assistant for Semantic Edits and Precise Local Redrawing,https://openaccess.thecvf.com/content/CVPR2026/papers/Zou_SketchAssist_A_Practical_Assistant_for_Semantic_Edits_and_Precise_Local_CVPR_2026_paper.pdf,https://arxiv.org/abs/2512.14140,interactive sketch editing; semantic sketch edits; line-guided region redrawing; instruction-guided global edits; line art preservation; controllable data generation; attribute-addition sequences; style-preserving attribute-removal; DiT-based editors; task-guided mixture-of-experts LoRA,2026-06-06
Continuous Exposure-Time Modeling for Realistic Atmospheric Turbulence Synthesis,https://openaccess.thecvf.com/content/CVPR2026/papers/Zeng_Continuous_Exposure-Time_Modeling_for_Realistic_Atmospheric_Turbulence_Synthesis_CVPR_2026_paper.pdf,https://arxiv.org/abs/2603.01398,atmospheric turbulence synthesis; continuous exposure-time modeling; exposure-time-dependent blur; Exposure-Time-dependent MTF; modulation transfer function; tilt-invariant point spread function; spatially varying blur-width field; turbulence-induced blur; synthetic turbulence dataset; long-range imaging,2026-06-06
DiffBMP: Differentiable Rendering with Bitmap Primitives,https://openaccess.thecvf.com/content/CVPR2026/papers/Hong_DiffBMP_Differentiable_Rendering_with_Bitmap_Primitives_CVPR_2026_paper.pdf,https://arxiv.org/abs/2602.22625,differentiable rendering; bitmap primitives; custom CUDA gradients; parallelized rendering pipeline; soft rasterization; Gaussian blur; structure-aware initialization; noisy canvas; bitmap image optimization; layered file format,2026-06-06
Distribution-Aligned Multimodal Fusion for Robust Object Detection,https://openaccess.thecvf.com/content/CVPR2026/papers/Hao_Distribution-Aligned_Multimodal_Fusion_for_Robust_Object_Detection_CVPR_2026_paper.pdf,,RGB-infrared multimodal fusion; cross-degradation generalization; object detection; distribution alignment; feature fusion; pretrained detector; distribution shift; unseen degradation; thermal imaging; computational efficiency,2026-06-06
DRiffusion: Draft-and-Refine Process Parallelizes Diffusion Models with Ease,https://openaccess.thecvf.com/content/CVPR2026/papers/Bai_DRiffusion_Draft-and-Refine_Process_Parallelizes_Diffusion_Models_with_Ease_CVPR_2026_paper.pdf,https://arxiv.org/abs/2603.25872,DRiffusion; parallel sampling framework; diffusion inference; draft-and-refine process; skip transitions; standard denoising process; conservative mode; aggressive mode; diffusion model speedup; perceptual quality,2026-06-06
From Selection to Scheduling: Federated Geometry-Aware Correction Makes Exemplar Replay Work Better under Continual Dynamic Heterogeneity,https://openaccess.thecvf.com/content/CVPR2026/papers/Qi_From_Selection_to_Scheduling_Federated_Geometry-Aware_Correction_Makes_Exemplar_Replay_CVPR_2026_paper.pdf,https://arxiv.org/abs/2604.08617,federated continual learning; exemplar replay; continual dynamic heterogeneity; Federated Geometry-Aware Correction; catastrophic forgetting; representation collapse; structural knowledge distillation; Equiangular Tight Frame prototypes; representation drift; class-imbalanced distributions,2026-06-06
SpeeDe3DGS: Speedy Deformable 3D Gaussian Splatting with Temporal Pruning and Motion Grouping,https://openaccess.thecvf.com/content/CVPR2026/papers/Tu_SpeeDe3DGS_Speedy_Deformable_3D_Gaussian_Splatting_with_Temporal_Pruning_and_CVPR_2026_paper.pdf,https://arxiv.org/abs/2506.07917,Deformable 3D Gaussian Splatting; dynamic 3DGS; neural motion fields; Temporal Sensitivity Pruning; Temporal Sensitivity Sampling; GroupFlow; SE(3) transformations; groupwise motion; temporal coherence; dynamic scene reconstruction,2026-06-06
SRA-Det: Learning Omni-Grained Open-Vocabulary Detection Beyond Category Names,https://openaccess.thecvf.com/content/CVPR2026/papers/Yang_SRA-Det_Learning_Omni-Grained_Open-Vocabulary_Detection_Beyond_Category_Names_CVPR_2026_paper.pdf,,open-vocabulary object detection; fine-grained detection; semantic retrieval; attention-based matching; soft-min matching; attribute-sensitive queries; CLIP-based verification; zero-shot detection; Swin-T backbone; LLM-augmented data pipeline,2026-06-06
AsymLoc: Towards Asymmetric Feature Matching for Efficient Visual Localization,https://openaccess.thecvf.com/content/CVPR2026/papers/Omama_AsymLoc_Towards_Asymmetric_Feature_Matching_for_Efficient_Visual_Localization_CVPR_2026_paper.pdf,https://arxiv.org/abs/2604.09445,asymmetric visual localization; asymmetric feature matching; efficient visual localization; edge devices; teacher-student distillation; geometry-driven matching objective; joint detector-descriptor distillation; parameter-less nearest-neighbor matching; localization accuracy; efficiency-accuracy trade-off,2026-06-06
PlannerRFT: Reinforcing Diffusion Planners through Closed-Loop and Sample-Efficient Fine-Tuning,https://openaccess.thecvf.com/content/CVPR2026/papers/Li_PlannerRFT_Reinforcing_Diffusion_Planners_through_Closed-Loop_and_Sample-Efficient_Fine-Tuning_CVPR_2026_paper.pdf,https://arxiv.org/abs/2601.12901,diffusion-based planners; reinforcement fine-tuning; autonomous driving trajectory generation; closed-loop optimization; sample-efficient fine-tuning; multi-modal trajectories; scenario-adaptive trajectories; dual-branch optimization; denoising process guidance; nuPlan simulation,2026-06-06
ArtiMuse: Fine-Grained Image Aesthetics Assessment with Joint Scoring and Expert-Level Understanding,https://openaccess.thecvf.com/content/CVPR2026/papers/Cao_ArtiMuse_Fine-Grained_Image_Aesthetics_Assessment_with_Joint_Scoring_and_Expert-Level_CVPR_2026_paper.pdf,https://arxiv.org/abs/2507.14533,Image Aesthetics Assessment; multimodal large language models; joint scoring; expert-level understanding; fine-grained attribute decomposition; ArtiMuse; ArtiMuse-10K; expert-curated aesthetic dataset; 8-dimensional attributes analysis; holistic aesthetic score,2026-06-06
Unifying Precise Keyframes and Semantic Control via Multi-level Diffusion,https://openaccess.thecvf.com/content/CVPR2026/papers/Wu_Unifying_Precise_Keyframes_and_Semantic_Control_via_Multi-level_Diffusion_CVPR_2026_paper.pdf,,Text-conditioned motion synthesis; Human motion in-betweening; Keyframe constraints; Multi-level diffusion; Semantic control; Trajectory refinement; Diffusion imputation; Motion editing; Spatio-temporal control; Pose generation,2026-06-06
DUO-VSR: Dual-Stream Distillation for One-Step Video Super-Resolution,https://openaccess.thecvf.com/content/CVPR2026/papers/Lv_DUO-VSR_Dual-Stream_Distillation_for_One-Step_Video_Super-Resolution_CVPR_2026_paper.pdf,https://arxiv.org/abs/2603.22271,diffusion-based video super-resolution; one-step VSR; Dual-Stream Distillation; distribution matching distillation; adversarial supervision; Progressive Guided Distillation Initialization; trajectory-preserving distillation; Real-Fake Score Feature GAN; Preference-Guided Refinement; perceptual quality alignment,2026-06-06
BUSSARD: Normalizing Flows for Bijective Universal Scene-Specific Anomalous Relationship Detection,https://openaccess.thecvf.com/content/CVPR2026/papers/Schween_BUSSARD_Normalizing_Flows_for_Bijective_Universal_Scene-Specific_Anomalous_Relationship_Detection_CVPR_2026_paper.pdf,https://arxiv.org/abs/2603.16645,normalizing flows; anomalous relationship detection; scene graphs; multimodal embeddings; object-relation-object triplets; likelihood estimation; SARD dataset; relationship anomaly detection; synonym robustness; scene-specific anomaly detection,2026-06-06
Energy Waveify and Redistribution for Test-Time Adaptation: A Control System Perspective,https://openaccess.thecvf.com/content/CVPR2026/papers/Wang_Energy_Waveify_and_Redistribution_for_Test-Time_Adaptation_A_Control_System_CVPR_2026_paper.pdf,,Test-time adaptation; Energy models; Control systems; Wave equation; Probability current conservation; Langevin dynamics; Energy redistribution; Monte Carlo sampling; Adaptive inference; Uncertainty quantification,2026-06-06
InfiniBench: Infinite Benchmarking for Visual Spatial Reasoning with Customizable Scene Complexity,https://openaccess.thecvf.com/content/CVPR2026/papers/Wang_InfiniBench_Infinite_Benchmarking_for_Visual_Spatial_Reasoning_with_Customizable_Scene_CVPR_2026_paper.pdf,https://arxiv.org/abs/2511.18200,visual spatial reasoning; vision-language models; customizable benchmark generator; 3D scene synthesis; scene complexity; LLM-based agentic framework; cluster-based layout optimizer; task-aware camera trajectory optimization; photo-realistic videos; spatiotemporal tracking,2026-06-06
Probabilistic Concept Graph Reasoning for Multimodal Misinformation Detection,https://openaccess.thecvf.com/content/CVPR2026/papers/Yang_Probabilistic_Concept_Graph_Reasoning_for_Multimodal_Misinformation_Detection_CVPR_2026_paper.pdf,https://arxiv.org/abs/2603.25203,multimodal misinformation detection; Probabilistic Concept Graph Reasoning; concept graph reasoning; multimodal large language models; hierarchical attention; interpretable reasoning chains; claim veracity inference; fine-grained manipulation recognition; robust misinformation detection; concept-based reasoning,2026-06-06
AffordGen: Generating Diverse Demonstrations for Generalizable Object Manipulation with Affordance Correspondence,https://openaccess.thecvf.com/content/CVPR2026/papers/Zhang_AffordGen_Generating_Diverse_Demonstrations_for_Generalizable_Object_Manipulation_with_Affordance_CVPR_2026_paper.pdf,https://arxiv.org/abs/2604.10579,robot manipulation; imitation learning; geometric variations; 3D generative models; vision foundation models; affordance correspondence; 3D meshes; robot manipulation trajectories; closed-loop visuomotor policy; zero-shot generalization,2026-06-06
QuCNet: Quantum Deep Learning Driven Multi-Circuit Network for Remote Sensing Image Classification,https://openaccess.thecvf.com/content/CVPR2026/papers/Komal_QuCNet_Quantum_Deep_Learning_Driven_Multi-Circuit_Network_for_Remote_Sensing_CVPR_2026_paper.pdf,,quantum deep learning; remote sensing image classification; hybrid quantum-classical networks; trainable quantum circuits; quantum convolutional neural networks; barren plateau mitigation; weight sharing; quantum hardware inference; geospatial image analysis; parameter efficiency,2026-06-06
Rethinking MLLM Itself as a Segmenter with a Single Segmentation Token,https://openaccess.thecvf.com/content/CVPR2026/papers/Zhang_Rethinking_MLLM_Itself_as_a_Segmenter_with_a_Single_Segmentation_CVPR_2026_paper.pdf,https://arxiv.org/abs/2603.19026,Multi-modal Large Language Models; decoder-free segmentation; single segmentation token; SELF1E; object-level segmentation; specialist mask decoders; pixel-shuffled image features; pixel-unshuffle operations; dual perception pathways; attention mask redesign,2026-06-06
Nano-EmoX: Unifying Multimodal Emotional Intelligence from Perception to Empathy,https://openaccess.thecvf.com/content/CVPR2026/papers/Huang_Nano-EmoX_Unifying_Multimodal_Emotional_Intelligence_from_Perception_to_Empathy_CVPR_2026_paper.pdf,https://arxiv.org/abs/2603.02123,affective multimodal language models; Nano-EmoX; Perception-to-Empathy; curriculum-based training; omni-modal encoders; facial encoder; fusion encoder; heterogeneous adapters; chain-of-thought-driven empathy; multimodal affective cues,2026-06-06
Beyond Geometry: Artistic Disparity Synthesis for Immersive 2D-to-3D,https://openaccess.thecvf.com/content/CVPR2026/papers/Chen_Beyond_Geometry_Artistic_Disparity_Synthesis_for_Immersive_2D-to-3D_CVPR_2026_paper.pdf,https://arxiv.org/abs/2603.05906,Artistic Disparity Synthesis; 2D-to-3D conversion; cinematic 3D content; professional 3D film data; strategic zero-plane shifts; pop-out effects; local depth sculpting; global depth parameters; indirect supervision; cinematic alignment,2026-06-06
ReAlign: Generalizable Image Forgery Detection via Reasoning-Aligned Representation,https://openaccess.thecvf.com/content/CVPR2026/papers/Huang_ReAlign_Generalizable_Image_Forgery_Detection_via_Reasoning-Aligned_Representation_CVPR_2026_paper.pdf,https://arxiv.org/abs/2605.16080,AI-generated image forgery detection; reasoning-aligned representation; LLM-generated reasoning texts; GRPO-optimized LLM; contrastive learning; image-text alignment; lightweight AIGI detector; semantic-error sensitivity; joint optimization strategy; high-fidelity forgeries,2026-06-06
Video-Only ToM: Enhancing Theory of Mind in Multimodal Large Language Models,https://openaccess.thecvf.com/content/CVPR2026/papers/Liu_Video-Only_ToM_Enhancing_Theory_of_Mind_in_Multimodal_Large_Language_CVPR_2026_paper.pdf,https://arxiv.org/abs/2603.24484,Theory of Mind; multimodal large language models; video-only visual reasoning; VisionToM; intervention vectors; visual representation alignment; attention steering; multiple-choice question answering; EgoToM benchmark; egocentric video dataset,2026-06-06
FastGS: Training 3D Gaussian Splatting in 100 Seconds,https://openaccess.thecvf.com/content/CVPR2026/papers/Ren_FastGS_Training_3D_Gaussian_Splatting_in_100_Seconds_CVPR_2026_paper.pdf,https://arxiv.org/abs/2511.04283,3D Gaussian Splatting; FastGS; training acceleration; Gaussian densification; Gaussian pruning; multi-view consistency; rendering quality; dynamic scene reconstruction; sparse-view reconstruction; simultaneous localization and mapping,2026-06-06
Edit-As-Act: Goal-Regressive Planning for Open-Vocabulary 3D Indoor Scene Editing,https://openaccess.thecvf.com/content/CVPR2026/papers/Noh_Edit-As-Act_Goal-Regressive_Planning_for_Open-Vocabulary_3D_Indoor_Scene_Editing_CVPR_2026_paper.pdf,https://arxiv.org/abs/2603.17583,open-vocabulary 3D indoor scene editing; goal-regressive planning; Edit-As-Act; natural language scene editing; symbolic goal predicates; EditLang; PDDL-inspired action language; geometric relations; physical feasibility validation; E2A-Bench,2026-06-06
Continual Learning for fMRI-Based Brain Disorder Diagnosis via Functional Connectivity Matrices Generative Replay,https://openaccess.thecvf.com/content/CVPR2026/papers/Chen_Continual_Learning_for_fMRI-Based_Brain_Disorder_Diagnosis_via_Functional_Connectivity_CVPR_2026_paper.pdf,https://arxiv.org/abs/2604.14259,fMRI-based diagnosis; functional connectivity matrices; continual learning; brain disorder diagnosis; generative replay; structure-aware variational autoencoder; multi-level knowledge distillation; graph representations; hierarchical contextual bandit; catastrophic forgetting,2026-06-06
"B$^3$-Seg: Camera-Free, Training-Free 3DGS Segmentation via Analytic EIG and Beta-Bernoulli Bayesian Updates",https://openaccess.thecvf.com/content/CVPR2026/papers/Kamata_B3-Seg_Camera-Free_Training-Free_3DGS_Segmentation_via_Analytic_EIG_and_Beta-Bernoulli_CVPR_2026_paper.pdf,https://arxiv.org/abs/2602.17134,3D Gaussian Splatting; 3DGS segmentation; Beta-Bernoulli Bayesian updates; analytic Expected Information Gain; camera-free segmentation; training-free segmentation; open-vocabulary segmentation; adaptive monotonicity; submodularity; optimal view sampling policy,2026-06-06
Improving Text-to-Image Generation with Intrinsic Self-Confidence Rewards,https://openaccess.thecvf.com/content/CVPR2026/papers/Kim_Improving_Text-to-Image_Generation_with_Intrinsic_Self-Confidence_Rewards_CVPR_2026_paper.pdf,https://arxiv.org/abs/2603.00918,text-to-image generation; intrinsic self-confidence rewards; post-training; SOLACE; latent confidence estimation; re-noising; noise reconstruction error; reinforcement learning; text-image alignment; reward hacking,2026-06-06
GeoViS: Geospatially Rewarded Visual Search for Remote Sensing Visual Grounding,https://openaccess.thecvf.com/content/CVPR2026/papers/Zhang_GeoViS_Geospatially_Rewarded_Visual_Search_for_Remote_Sensing_Visual_Grounding_CVPR_2026_paper.pdf,https://arxiv.org/abs/2512.02715,GeoViS; Geospatially Rewarded Visual Search; remote sensing visual grounding; multimodal large language models; geospatial relations; progressive search-and-reasoning; tree-structured visual cues; spatial reasoning; reward-guided exploration; small-scale target detection,2026-06-06
OccuFly: A 3D Vision Benchmark for Semantic Scene Completion from the Aerial Perspective,https://openaccess.thecvf.com/content/CVPR2026/papers/Gross_OccuFly_A_3D_Vision_Benchmark_for_Semantic_Scene_Completion_from_CVPR_2026_paper.pdf,https://arxiv.org/abs/2512.20770,Semantic Scene Completion; aerial 3D perception; autonomous flying; camera-based data generation; LiDAR-free SSC; semantic label transfer; 3D reconstruction; semantic voxel grids; metric monocular depth estimation; aerial vision benchmark,2026-06-06
Dynamic Stream Network for Combinatorial Explosion Problem in Deformable Medical Image Registration,https://openaccess.thecvf.com/content/CVPR2026/papers/Bi_Dynamic_Stream_Network_for_Combinatorial_Explosion_Problem_in_Deformable_Medical_CVPR_2026_paper.pdf,https://arxiv.org/abs/2512.19486,Deformable Medical Image Registration; combinatorial explosion; Dynamic Stream Network; dynamic receptive fields; dynamic weights; Adaptive Stream Basin; Dynamic Stream Attention; feature combination relationships; dual-input feature modeling; medical image registration generalization,2026-06-06
MR-RAG: Multimodal Relevance-Aware Retrieval-Augmented Generation for Medical Visual Question Answering,https://openaccess.thecvf.com/content/CVPR2026/papers/Li_MR-RAG_Multimodal_Relevance-Aware_Retrieval-Augmented_Generation_for_Medical_Visual_Question_Answering_CVPR_2026_paper.pdf,,retrieval-augmented generation; medical visual question answering; multimodal relevance; vision language models; document retrieval; cross-modal signals; attention mechanisms; medical image understanding; information fusion; LVLMs,2026-06-06
OctoMed: Data Recipes for State-of-the-Art Multimodal Medical Reasoning,https://openaccess.thecvf.com/content/CVPR2026/papers/Ossowski_OctoMed_Data_Recipes_for_State-of-the-Art_Multimodal_Medical_Reasoning_CVPR_2026_paper.pdf,https://arxiv.org/abs/2511.23269,multimodal medical reasoning; medical large language models; supervised fine-tuning; data curation; structured reasoning traces; medical vision-language reasoning; out-of-distribution medical benchmarks; self-calibrated reasoning trajectory lengths; open-source medical models; robust clinical task generalization,2026-06-06
Spatial-SAM: Spatially Consistent 3D Electron Microscopy Segmentation with SDF Memory and Semi-Supervised Learning,https://openaccess.thecvf.com/content/CVPR2026/papers/Huang_Spatial-SAM_Spatially_Consistent_3D_Electron_Microscopy_Segmentation_with_SDF_Memory_CVPR_2026_paper.pdf,,3D electron microscopy; Segment Anything Model; spatial consistency; Signed Distance Field memory; semi-supervised learning; 3D U-Net; few-shot segmentation; pseudo-label optimization; biomedical image segmentation; annotation efficiency,2026-06-06
Bias at the End of the Score,https://openaccess.thecvf.com/content/CVPR2026/papers/Magid_Bias_at_the_End_of_the_Score_CVPR_2026_paper.pdf,https://arxiv.org/abs/2604.13305,reward models; text-to-image generation; demographic bias; reward-guided optimization; fairness auditing; scoring function robustness; gender stereotypes; racial stereotypes; demographic diversity collapse; post-generation safety filtering,2026-06-06
Similarity-as-Evidence: Calibrating Overconfident VLMs for Interpretable and Label-Efficient Medical Active Learning,https://openaccess.thecvf.com/content/CVPR2026/papers/Xie_Similarity-as-Evidence_Calibrating_Overconfident_VLMs_for_Interpretable_and_Label-Efficient_Medical_Active_CVPR_2026_paper.pdf,https://arxiv.org/abs/2602.18867,medical active learning; vision-language models; cold-start learning; text-image similarity calibration; Similarity-as-Evidence; Similarity Evidence Head; Dirichlet distribution over labels; overconfidence mitigation; vacuity and dissonance; dual-factor acquisition strategy,2026-06-06
Ground Reaction Inertial Poser: Physics-based Human Motion Capture from Sparse IMUs and Insole Pressure Sensors,https://openaccess.thecvf.com/content/CVPR2026/papers/Hori_Ground_Reaction_Inertial_Poser_Physics-based_Human_Motion_Capture_from_Sparse_CVPR_2026_paper.pdf,https://arxiv.org/abs/2603.16233,physics-based human motion capture; sparse IMUs; insole pressure sensors; ground reaction; IMU-pressure fusion; physically plausible motion; digital twin humanoid; physics simulator; KinematicsNet; PRISM dataset,2026-06-06
Monocular Open Vocabulary Occupancy Prediction for Indoor Scenes,https://openaccess.thecvf.com/content/CVPR2026/papers/Zhou_Monocular_Open_Vocabulary_Occupancy_Prediction_for_Indoor_Scenes_CVPR_2026_paper.pdf,https://arxiv.org/abs/2602.22667,open-vocabulary 3D occupancy; monocular occupancy prediction; indoor scene understanding; embodied agents; geometry-only supervision; binary occupancy labels; 3D Language-Embedded Gaussians; Gaussian-to-Occupancy operators; opacity-aware Poisson volumetric aggregation; Progressive Temperature Decay,2026-06-06
Kaleidoscopic Scintillation Event Imaging,https://openaccess.thecvf.com/content/CVPR2026/papers/Bocchieri_Kaleidoscopic_Scintillation_Event_Imaging_CVPR_2026_paper.pdf,https://arxiv.org/abs/2512.03216,kaleidoscopic scintillator; scintillation event imaging; single-photon avalanche diode cameras; high-energy particle detection; radiation imaging; low-photon imaging; light collection; mirror reflections; 3D event position estimation; CMOS single-photon camera,2026-06-06
"Select Less, Reason More: Prioritizing Evidence Purity for Video Reasoning",https://openaccess.thecvf.com/content/CVPR2026/papers/Li_Select_Less_Reason_More_Prioritizing_Evidence_Purity_for_Video_Reasoning_CVPR_2026_paper.pdf,https://arxiv.org/abs/2510.15440,Video LLMs; long-form video reasoning; evidence purity; adaptive frame selection; evidence-aware reinforcement learning; localized re-sampling; key frame selection; fine-grained temporal detail; visual evidence selection policy; LongVideoBench,2026-06-06
MultiShotMaster: A Controllable Multi-Shot Video Generation Framework,https://openaccess.thecvf.com/content/CVPR2026/papers/Wang_MultiShotMaster_A_Controllable_Multi-Shot_Video_Generation_Framework_CVPR_2026_paper.pdf,https://arxiv.org/abs/2512.03041,multi-shot video generation; controllable video generation; MultiShotMaster; Multi-Shot Narrative RoPE; Spatiotemporal Position-Aware RoPE; spatiotemporal-grounded reference injection; cross-shot grounding signals; text-driven inter-shot consistency; motion control; background-driven customized scene,2026-06-06
NERFIFY: A Multi-Agent Framework for Turning NeRF Papers into Code,https://openaccess.thecvf.com/content/CVPR2026/papers/Jain_NERFIFY_A_Multi-Agent_Framework_for_Turning_NeRF_Papers_into_Code_CVPR_2026_paper.pdf,https://arxiv.org/abs/2603.00805,NeRF paper-to-code synthesis; multi-agent framework; Nerfstudio plugins; context-free grammar; Graph-of-Thought code synthesis; compositional citation recovery; visual feedback; PSNR-minima ROI analysis; cross-view geometric validation; VLM-guided patching,2026-06-06
Gated Condition Injection without Multimodal Attention: Towards Controllable Linear-Attention Transformers,https://openaccess.thecvf.com/content/CVPR2026/papers/Liu_Gated_Condition_Injection_without_Multimodal_Attention_Towards_Controllable_Linear-Attention_Transformers_CVPR_2026_paper.pdf,https://arxiv.org/abs/2603.27666,controllable diffusion models; linear-attention transformers; gated condition injection; on-device visual generation; edge devices; ControlNet; OminiControl; SANA; dual-path pipeline; multi-type conditional inputs,2026-06-06
Unleashing the Power of Chain-of-Prediction for Monocular 3D Object Detection,https://openaccess.thecvf.com/content/CVPR2026/papers/Zhang_Unleashing_the_Power_of_Chain-of-Prediction_for_Monocular_3D_Object_Detection_CVPR_2026_paper.pdf,https://arxiv.org/abs/2505.04594,Monocular 3D Object Detection; 3D bounding boxes; depth ambiguity; 3D-to-2D projection; inter-attribute correlations; Chain-of-Prediction; Uncertainty-Guided Selector; feature-level learning; depth accuracy; KITTI/nuscenes/Waymo,2026-06-06
Any4D: Unified Feed-Forward Metric 4D Reconstruction,https://openaccess.thecvf.com/content/CVPR2026/papers/Karhade_Any4D_Unified_Feed-Forward_Metric_4D_Reconstruction_CVPR_2026_paper.pdf,https://arxiv.org/abs/2512.10935,Any4D; metric-scale 4D reconstruction; multi-view transformer; feed-forward reconstruction; per-pixel motion prediction; geometry prediction; dense scene flow; RGB-D frames; IMU-based egomotion; Radar Doppler measurements,2026-06-06
It Takes Two: A Duet of Periodicity and Directionality for Burst Flicker Removal,https://openaccess.thecvf.com/content/CVPR2026/papers/Qu_It_Takes_Two_A_Duet_of_Periodicity_and_Directionality_for_CVPR_2026_paper.pdf,https://arxiv.org/abs/2603.22794,burst flicker removal; flicker artifacts; short-exposure photography; row-wise exposure inconsistencies; spatial-temporal patterns; Flickerformer; phase-based fusion module; autocorrelation feed-forward network; wavelet-based directional attention; inter-frame phase correlation,2026-06-06
DiffuView: Multi-View Diffusion Pretraining for 3D Aware Robotic Manipulation,https://openaccess.thecvf.com/content/CVPR2026/papers/Zhang_DiffuView_Multi-View_Diffusion_Pretraining_for_3D_Aware_Robotic_Manipulation_CVPR_2026_paper.pdf,,3D aware representations; multi-view diffusion; robotic manipulation; visuomotor control; view consistency; visual backbone; imitation learning; viewpoint generalization; scene geometry; diffusion pretraining,2026-06-06
Learning from Noisy Supervision: A Denoising-Debiasing Framework for Weakly Supervised Video Anomaly Detection,https://openaccess.thecvf.com/content/CVPR2026/papers/Zhao_Learning_from_Noisy_Supervision_A_Denoising-Debiasing_Framework_for_Weakly_Supervised_CVPR_2026_paper.pdf,,Weakly supervised video anomaly detection; Multiple instance learning; Noisy supervision; Denoising-debiasing framework; Frame-level anomaly localization; Vision-language models; Dynamic drop rate; MIL paradigm; Anomaly discrimination; Video-level labels,2026-06-06
Revisiting Pose Sensitivity in Splat-based Computed Tomography under Sparse-view Reconstruction,https://openaccess.thecvf.com/content/CVPR2026/papers/Choi_Revisiting_Pose_Sensitivity_in_Splat-based_Computed_Tomography_under_Sparse-view_Reconstruction_CVPR_2026_paper.pdf,,3D Gaussian Splatting; computed tomography; sparse-view reconstruction; pose sensitivity; cone-beam CT; geometric misalignment; gradient-based refinement; differentiable projection; artifact reduction; acquisition geometry,2026-06-06
Real2Edit2Real: Generating Robotic Demonstrations via a 3D Control Interface,https://openaccess.thecvf.com/content/CVPR2026/papers/Zhao_Real2Edit2Real_Generating_Robotic_Demonstrations_via_a_3D_Control_Interface_CVPR_2026_paper.pdf,https://arxiv.org/abs/2512.19402,robotic demonstrations; 3D control interface; robot learning; visuomotor policies; spatial generalization; metric-scale 3D reconstruction; point cloud editing; manipulation trajectories; multi-conditional video generation; multi-view manipulation videos,2026-06-06
Chart-FR1: Visual Focus-Driven Fine-Grained Reasoning on Dense Charts,https://openaccess.thecvf.com/content/CVPR2026/papers/Pan_Chart-FR1_Visual_Focus-Driven_Fine-Grained_Reasoning_on_Dense_Charts_CVPR_2026_paper.pdf,https://arxiv.org/abs/2605.01882,Chart-FR1; high information density charts; fine-grained chart reasoning; multimodal large language models; Focus-CoT; visual focusing chain-of-thought; OCR signals; Focus-GRPO; information-efficiency reward; HID-Chart,2026-06-06
Disentangle-then-Align: Non-Iterative Hybrid Multimodal Image Registration via Cross-Scale Feature Disentanglement,https://openaccess.thecvf.com/content/CVPR2026/papers/Zhang_Disentangle-then-Align_Non-Iterative_Hybrid_Multimodal_Image_Registration_via_Cross-Scale_Feature_Disentanglement_CVPR_2026_paper.pdf,https://arxiv.org/abs/2603.19623,multimodal image registration; hybrid multimodal registration; cross-scale feature disentanglement; shared feature space; modality-private cues; Modality-Specific Batch Normalization; Cross-scale Disentanglement and Adaptive Projection; Hybrid Parameter Prediction Module; non-iterative coarse-to-fine estimation; rigid and non-rigid registration,2026-06-06
PromptDepth: Efficient and Promptable Geometric 3D Vision Model for Embodied Intelligence,https://openaccess.thecvf.com/content/CVPR2026/papers/Wang_PromptDepth_Efficient_and_Promptable_Geometric_3D_Vision_Model_for_Embodied_CVPR_2026_paper.pdf,,3D depth estimation; panoptic segmentation; instance segmentation; Dense Prediction Transformer; embodied intelligence; real-time inference; promptable vision model; depth map tracking; geometric 3D understanding; Instanced Label Distribution Smoothing,2026-06-06
Residual Decoding: Mitigating Hallucinations in Large Vision-Language Models via History-Aware Residual Guidance,https://openaccess.thecvf.com/content/CVPR2026/papers/Chen_Residual_Decoding_Mitigating_Hallucinations_in_Large_Vision-Language_Models_via_History-Aware_CVPR_2026_paper.pdf,https://arxiv.org/abs/2602.01047,Residual Decoding; large vision-language models; hallucination mitigation; history-aware residual guidance; training-free decoding; language priors; token logits evolution; visual grounding; object hallucinations; LVLM benchmarks,2026-06-06
PoInit-of-View: Poisoning Initialization of Views Transfers Across Multiple 3D Reconstruction Systems,https://openaccess.thecvf.com/content/CVPR2026/papers/Wang_PoInit-of-View_Poisoning_Initialization_of_Views_Transfers_Across_Multiple_3D_Reconstruction_CVPR_2026_paper.pdf,https://arxiv.org/abs/2604.16540,3D reconstruction poisoning; structure-from-motion initialization; transferable adversarial perturbations; cross-view gradient inconsistencies; keypoint detection; feature matching; pose estimation; triangulation; correspondence collapse; black-box transfer,2026-06-06
CARE: A Molecular-Guided Foundation Model with Adaptive Region Modeling for Whole Slide Image Analysis,https://openaccess.thecvf.com/content/CVPR2026/papers/Zhang_CARE_A_Molecular-Guided_Foundation_Model_with_Adaptive_Region_Modeling_for_CVPR_2026_paper.pdf,https://arxiv.org/abs/2602.21637,computational pathology; whole slide image analysis; pathology foundation model; adaptive region modeling; molecular-guided learning; cross-modal alignment; self-supervised pretraining; tissue morphology; RNA and protein profiles; survival analysis,2026-06-06
A2GC: Asymmetric Aggregation with Geometric Constraints for Locally Aggregated Descriptors,https://openaccess.thecvf.com/content/CVPR2026/papers/Li_A2GC_Asymmetric_Aggregation_with_Geometric_Constraints_for_Locally_Aggregated_Descriptors_CVPR_2026_paper.pdf,https://arxiv.org/abs/2511.14109,Visual Place Recognition; locally aggregated descriptors; asymmetric aggregation; geometric constraints; optimal transport-based aggregation; Sinkhorn algorithm; feature-to-cluster assignment; row-column normalization averaging; marginal calibration; learnable coordinate embeddings,2026-06-06
Decoupling Stability and Plasticity for Multi-Modal Test-Time Adaptation,https://openaccess.thecvf.com/content/CVPR2026/papers/He_Decoupling_Stability_and_Plasticity_for_Multi-Modal_Test-Time_Adaptation_CVPR_2026_paper.pdf,https://arxiv.org/abs/2603.00574,multi-modal test-time adaptation; Decoupling Adaptation for Stability and Plasticity; negative transfer; catastrophic forgetting; biased modality; unbiased modality; unified latent space; interdimensional redundancy; modality-specific adapters; KL regularization,2026-06-06
MedLoc-R1: Performance-Aware Curriculum Reward Scheduling for GRPO-Based Medical Visual Grounding,https://openaccess.thecvf.com/content/CVPR2026/papers/Yang_MedLoc-R1_Performance-Aware_Curriculum_Reward_Scheduling_for_GRPO-Based_Medical_Visual_Grounding_CVPR_2026_paper.pdf,https://arxiv.org/abs/2603.28120,medical visual grounding; Group Relative Policy Optimization; performance-aware reward scheduling; reward sparsity; IoU-based reward schemes; sliding-window performance tracker; multi-condition update rule; fine-grained localization; reinforcement learning for grounding; clinical decision support,2026-06-06
One Layer's Trash is Another Layer's Treasure: Adaptive Layer-wise Visual Token Selection in LVLMs,https://openaccess.thecvf.com/content/CVPR2026/papers/Chen_One_Layers_Trash_is_Another_Layers_Treasure_Adaptive_Layer-wise_Visual_CVPR_2026_paper.pdf,,Large Vision-Language Models; visual token pruning; layer-wise token selection; adaptive compression; token selector; attention mechanism; computational efficiency; LLaVA; Qwen2.5-VL; low-rank approximation,2026-06-06
R2-Seg: Training-Free OOD Medical Tumor Segmentation via Anatomical Reasoning and Statistical Rejection,https://openaccess.thecvf.com/content/CVPR2026/papers/Shen_R2-Seg_Training-Free_OOD_Medical_Tumor_Segmentation_via_Anatomical_Reasoning_and_CVPR_2026_paper.pdf,,Medical image segmentation; out-of-distribution (OOD) robustness; foundation models; LLM-guided anatomical reasoning; tumor segmentation; statistical rejection filtering; false positive suppression; ROI localization; training-free framework; test-time augmentation,2026-06-06
RecEdit-Drive: 3D Reconstruction-Guided Spatiotemporal Video Editing for Autonomous Driving Scenes,https://openaccess.thecvf.com/content/CVPR2026/papers/Wu_RecEdit-Drive_3D_Reconstruction-Guided_Spatiotemporal_Video_Editing_for_Autonomous_Driving_Scenes_CVPR_2026_paper.pdf,,3D reconstruction; spatiotemporal video editing; autonomous driving; spatial feature warping; dynamic object control; video consistency; foreground-background compositing; noise manipulation; denoising strategy; novel view synthesis,2026-06-06
Particulate: Feed-Forward 3D Object Articulation,https://openaccess.thecvf.com/content/CVPR2026/papers/Li_Particulate_Feed-Forward_3D_Object_Articulation_CVPR_2026_paper.pdf,https://arxiv.org/abs/2512.11798,feed-forward 3D object articulation; articulated 3D assets; Part Articulation Transformer; 3D part segmentation; kinematic structure inference; motion constraints; articulated 3D mesh; image-to-3D model; 3D articulation estimation benchmark; per-object optimization,2026-06-06
Revisiting Learning with Noisy Labels: Active Forgetting and Noise Suppression,https://openaccess.thecvf.com/content/CVPR2026/papers/Sheng_Revisiting_Learning_with_Noisy_Labels_Active_Forgetting_and_Noise_Suppression_CVPR_2026_paper.pdf,,Learning with noisy labels; machine unlearning; negative learning; clean-sample selection; noise overfitting; label noise robustness; complementary labels; knowledge forgetting; noise suppression; sample selection,2026-06-06
Fully Decentralized Certified Unlearning,https://openaccess.thecvf.com/content/CVPR2026/papers/Lamri_Fully_Decentralized_Certified_Unlearning_CVPR_2026_paper.pdf,https://arxiv.org/abs/2512.08443,machine unlearning; certified unlearning; decentralized networks; RR-DU; random-walk procedure; projected gradient ascent; subsampled Gaussian noise; Rényi differential privacy; deletion-capacity bounds; privacy-utility trade-off,2026-06-06
CG-Floor: Centroid-Guided Diffusion for Large-Scale Floorplan Generation,https://openaccess.thecvf.com/content/CVPR2026/papers/Lian_CG-Floor_Centroid-Guided_Diffusion_for_Large-Scale_Floorplan_Generation_CVPR_2026_paper.pdf,,3D floorplan generation; centroid-guided diffusion; hierarchical floorplan framework; semantic centroid heatmap; coarse-to-fine generation; vector quantized codebook; latent diffusion transformer; non-Manhattan room shapes; large-scale floorplan; architectural simulation,2026-06-06
CF-IPT: Cross-Modal Fusion Interactive Prompt Tuning of Vision-Language Pre-Trained Model for Multisource Remote Sensing Data Classification,https://openaccess.thecvf.com/content/CVPR2026/papers/Ji_CF-IPT_Cross-Modal_Fusion_Interactive_Prompt_Tuning_of_Vision-Language_Pre-Trained_Model_CVPR_2026_paper.pdf,,Vision-Language Models; remote sensing image classification; prompt tuning; CLIP; cross-modal fusion; multi-source adaptation; spectral-spatial features; prompt learning; parameter-efficient fine-tuning; text-image alignment,2026-06-06
Ego-1K - A Large-Scale Multiview Video Dataset for Egocentric Vision,https://openaccess.thecvf.com/content/CVPR2026/papers/Lee_Ego-1K_-_A_Large-Scale_Multiview_Video_Dataset_for_Egocentric_Vision_CVPR_2026_paper.pdf,https://arxiv.org/abs/2603.13741,Ego-1K; egocentric multiview videos; neural 3D video synthesis; dynamic scene understanding; hand-object interactions; egocentric scene reconstruction; smart glasses; 3D novel view synthesis; 4D novel view synthesis; rig egomotion,2026-06-06
LensWalk: Agentic Video Understanding by Planning How You See in Videos,https://openaccess.thecvf.com/content/CVPR2026/papers/Li_LensWalk_Agentic_Video_Understanding_by_Planning_How_You_See_in_CVPR_2026_paper.pdf,https://arxiv.org/abs/2603.24558,agentic video understanding; Vision-Language Models; Large Language Model reasoner; active visual observation; reason-plan-observe loop; temporal scope; sampling density; on-demand evidence gathering; long-video benchmarks; interpretable video reasoning,2026-06-06
Gaussian Mapping for Evolving Scenes,https://openaccess.thecvf.com/content/CVPR2026/papers/Yugay_Gaussian_Mapping_for_Evolving_Scenes_CVPR_2026_paper.pdf,https://arxiv.org/abs/2506.06909,3D Gaussian Splatting; novel view synthesis; Gaussian Mapping for Evolving Scenes; evolving scenes; dynamic scene adaptation; long-term dynamics; keyframe management; stale observations; reconstruction consistency; L1 depth error,2026-06-06
Memory-Efficient Transfer Learning with Fading Side Networks via Masked Dual Path Distillation,https://openaccess.thecvf.com/content/CVPR2026/papers/Zhang_Memory-Efficient_Transfer_Learning_with_Fading_Side_Networks_via_Masked_Dual_CVPR_2026_paper.pdf,https://arxiv.org/abs/2604.09088,memory-efficient transfer learning; fading side networks; Masked Dual Path Distillation; feature-based knowledge distillation; frozen backbones; learnable side networks; efficient fine-tuning; inference acceleration; vision-and-language tasks; encoder structure,2026-06-06
LAOF: Robust Latent Action Learning with Optical Flow Constraints,https://openaccess.thecvf.com/content/CVPR2026/papers/Bu_LAOF_Robust_Latent_Action_Learning_with_Optical_Flow_Constraints_CVPR_2026_paper.pdf,https://arxiv.org/abs/2511.16407,latent action learning; optical flow constraints; action-irrelevant distractors; embodied foundation models; pseudo-supervised framework; latent action representations; imitation learning; reinforcement learning; label-scarce action supervision; action-driven motion signals,2026-06-06
Seeing Depth Through Frequency and Motion: A Progressive Training Paradigm for Monocular Depth Estimation,https://openaccess.thecvf.com/content/CVPR2026/papers/Li_Seeing_Depth_Through_Frequency_and_Motion_A_Progressive_Training_Paradigm_CVPR_2026_paper.pdf,,Self-supervised monocular depth estimation; Frequency aliasing; Cross-frame motion modeling; Frequency-Guided Depth Network; PoseQuery Network; Channel-aligned attention; Progressive training strategy; Depth boundary sharpness; Camera motion estimation; KITTI benchmark,2026-06-06
"See, Think, Act: Teaching Multimodal Agents to Effectively Interact with GUI by Identifying Toggles",https://openaccess.thecvf.com/content/CVPR2026/papers/Wu_See_Think_Act_Teaching_Multimodal_Agents_to_Effectively_Interact_with_CVPR_2026_paper.pdf,https://arxiv.org/abs/2509.13615,multimodal agents; graphical user interface control; toggle control instructions; binary toggle state; state control benchmark; State-aware Reasoning; GUI interaction; toggle instruction execution; agentic task performance; dynamic environment,2026-06-06
Reevaluating the Intra-Modal Misalignment Hypothesis in CLIP,https://openaccess.thecvf.com/content/CVPR2026/papers/Herzog_Reevaluating_the_Intra-Modal_Misalignment_Hypothesis_in_CLIP_CVPR_2026_paper.pdf,https://arxiv.org/abs/2603.16100,CLIP; contrastive language-image training; intra-modal misalignment hypothesis; image embedding distances; language-image alignment loss; image-image alignment; SigLIP; DINO; image retrieval; few-shot classification,2026-06-06
Representation-Steered Incremental Adapter-Tuning for Class-Incremental Learning with Pre-Trained Models,https://openaccess.thecvf.com/content/CVPR2026/papers/Zhao_Representation-Steered_Incremental_Adapter-Tuning_for_Class-Incremental_Learning_with_Pre-Trained_Models_CVPR_2026_paper.pdf,,Class-Incremental Learning; Pre-Trained Models; Parameter-Efficient Fine-Tuning; Adapter Tuning; Representation-Steering Loss; Residual Autoencoder; Feature Distribution Alignment; Catastrophic Forgetting; Stability-Plasticity Trade-off; Discriminative Representation Learning,2026-06-06
"When Visualizing is the First Step to Reasoning: MIRA, a Benchmark for Visual Chain-of-Thought",https://openaccess.thecvf.com/content/CVPR2026/papers/Zhou_When_Visualizing_is_the_First_Step_to_Reasoning_MIRA_a_CVPR_2026_paper.pdf,https://arxiv.org/abs/2511.02779,Visual Chain-of-Thought; MIRA benchmark; intermediate visual images; multimodal reasoning; drawing to think; spatial relationships; multimodal large language models; Visual-CoT evaluation; visual cues; majority voting accuracies,2026-06-06
Towards Reliable Evaluation of Adversarial Robustness for Spiking Neural Networks,https://openaccess.thecvf.com/content/CVPR2026/papers/Wang_Towards_Reliable_Evaluation_of_Adversarial_Robustness_for_Spiking_Neural_Networks_CVPR_2026_paper.pdf,https://arxiv.org/abs/2512.22522,Spiking Neural Networks; adversarial robustness evaluation; surrogate gradients; gradient vanishing; Adaptive Sharpness Surrogate Gradient; Stable Adaptive Projected Gradient Descent; L-infinity adversarial attacks; spike activations; adversarial training schemes; neuron models,2026-06-06
MeshMosaic: Scaling Artist Mesh Generation via Local-to-Global Assembly,https://openaccess.thecvf.com/content/CVPR2026/papers/Xu_MeshMosaic_Scaling_Artist_Mesh_Generation_via_Local-to-Global_Assembly_CVPR_2026_paper.pdf,https://arxiv.org/abs/2509.19995,artist mesh generation; high-resolution meshes; local-to-global assembly; autoregressive generative models; long-sequence bottlenecks; quantization resolution; patch-based mesh generation; shared boundary conditions; geometric fidelity; structured density patterns,2026-06-06
OS-Oracle: A Comprehensive Framework for Cross-Platform GUI Critic Models,https://openaccess.thecvf.com/content/CVPR2026/papers/Wu_OS-Oracle_A_Comprehensive_Framework_for_Cross-Platform_GUI_Critic_Models_CVPR_2026_paper.pdf,https://arxiv.org/abs/2512.16295,GUI critic models; computer-using agents; step-level decision-making; cross-platform GUI feedback data; supervised fine-tuning; CP-GRPO; OS-Critic Bench; Mobile Web Desktop evaluation; OS-Oracle-7B; OSWorld and AndroidWorld,2026-06-06
Seele: A Unified Acceleration Framework for Real-Time Gaussian Splatting on Mobile Devices,https://openaccess.thecvf.com/content/CVPR2026/papers/Zhu_Seele_A_Unified_Acceleration_Framework_for_Real-Time_Gaussian_Splatting_on_CVPR_2026_paper.pdf,,3D Gaussian Splatting; mobile acceleration; real-time rendering; hybrid preprocessing; contribution-aware rasterization; GPU optimization; view-dependent scene representation; online filtering; model compression; resource-constrained devices,2026-06-06
Stitch-a-Demo: Creating Video Demonstrations from Multistep Descriptions,https://openaccess.thecvf.com/content/CVPR2026/papers/Wu_Stitch-a-Demo_Creating_Video_Demonstrations_from_Multistep_Descriptions_CVPR_2026_paper.pdf,,video demonstration synthesis; multistep instruction following; retrieval-based video assembly; visual coherence; weakly supervised learning; instructional video understanding; cross-source video stitching; step-to-clip matching; hard negative mining; procedural video generation,2026-06-06
Gaussian Splatting-based Low-Rank Tensor Representation for Multi-Dimensional Image Recovery,https://openaccess.thecvf.com/content/CVPR2026/papers/Zeng_Gaussian_Splatting-based_Low-Rank_Tensor_Representation_for_Multi-Dimensional_Image_Recovery_CVPR_2026_paper.pdf,https://arxiv.org/abs/2511.14270,Gaussian Splatting-based Low-rank tensor Representation; tensor singular value decomposition; multi-dimensional image recovery; low-rank tensor representation; latent tensor approximation; transform matrix; 2D Gaussian splatting; 1D Gaussian splatting; local high-frequency information; mode-3 fibers,2026-06-06
Improving Adversarial Transferability with Local Perturbation Augmentation,https://openaccess.thecvf.com/content/CVPR2026/papers/Mi_Improving_Adversarial_Transferability_with_Local_Perturbation_Augmentation_CVPR_2026_paper.pdf,,Adversarial examples; transferability; adversarial attacks; deep neural networks; Local Perturbation Augmentation Attack; gradient-based optimization; surrogate model; perturbation initialization; Vision Transformers; adversarial robustness,2026-06-06
FlowFixer: Towards Detail-Preserving Subject-Driven Generation,https://openaccess.thecvf.com/content/CVPR2026/papers/Jun_FlowFixer_Towards_Detail-Preserving_Subject-Driven_Generation_CVPR_2026_paper.pdf,https://arxiv.org/abs/2602.21402,FlowFixer; subject-driven generation; detail-preserving generation; image-to-image translation; visual references; one-step denoising; self-supervised training data; high-frequency detail restoration; keypoint matching-based metric; high-fidelity subject-driven generation,2026-06-06
Efficient Encoder-Free Fourier-based 3D Large Multimodal Model,https://openaccess.thecvf.com/content/CVPR2026/papers/Mei_Efficient_Encoder-Free_Fourier-based_3D_Large_Multimodal_Model_CVPR_2026_paper.pdf,https://arxiv.org/abs/2602.23153,encoder-free 3D Large Multimodal Model; Fase3D; Fourier-based 3D scene LMM; unordered 3D data tokenization; point cloud serialization; Fast Fourier Transform; structured superpoints; space-filling curve serialization; graph-based token merging; Fourier-augmented LoRA adapters,2026-06-06
Scal3R: Scalable Test-Time Training for Large-Scale 3D Reconstruction,https://openaccess.thecvf.com/content/CVPR2026/papers/Xie_Scal3R_Scalable_Test-Time_Training_for_Large-Scale_3D_Reconstruction_CVPR_2026_paper.pdf,https://arxiv.org/abs/2604.08542,large-scale 3D reconstruction; long video sequences; feed-forward reconstruction models; neural global context representation; test-time training; self-supervised objectives; long-range scene information; pose accuracy; KITTI Odometry; Oxford Spires,2026-06-06
SparVAR: Exploring Sparsity in Visual AutoRegressive Modeling for Training-Free Acceleration,https://openaccess.thecvf.com/content/CVPR2026/papers/Li_SparVAR_Exploring_Sparsity_in_Visual_AutoRegressive_Modeling_for_Training-Free_Acceleration_CVPR_2026_paper.pdf,https://arxiv.org/abs/2602.04361,Visual AutoRegressive modeling; SparVAR; training-free acceleration; sparse attention; attention sinks; cross-scale activation similarity; locality; scale self-similar sparse attention; cross-scale local sparse attention; block-wise sparse kernel,2026-06-06
Head-wise Adaptive Rotary Positional Encoding for Fine-Grained Image Generation,https://openaccess.thecvf.com/content/CVPR2026/papers/Li_Head-wise_Adaptive_Rotary_Positional_Encoding_for_Fine-Grained_Image_Generation_CVPR_2026_paper.pdf,https://arxiv.org/abs/2510.10489,Head-wise Adaptive Rotary Positional Encoding; fine-grained image generation; Rotary Position Embedding; multi-dimensional RoPE; dynamic frequency reallocation; semantic alignment of rotary planes; head-specific positional receptive fields; relative-position property; text-to-image generation; transformer-based image generative models,2026-06-06
Eulerian Gaussian Splatting using Hashed Probability Pyramids,https://openaccess.thecvf.com/content/CVPR2026/papers/Polansky_Eulerian_Gaussian_Splatting_using_Hashed_Probability_Pyramids_CVPR_2026_paper.pdf,,3D Gaussian Splatting; probabilistic splat-based radiance field; gradient-based optimization; volumetric probability density; multiscale hierarchical grid; hashed probability pyramids; novel view synthesis; density estimation; control variates; rendering speed,2026-06-06
Lyapunov Probes for Hallucination Detection in Large Foundation Models,https://openaccess.thecvf.com/content/CVPR2026/papers/Luan_Lyapunov_Probes_for_Hallucination_Detection_in_Large_Foundation_Models_CVPR_2026_paper.pdf,https://arxiv.org/abs/2603.06081,hallucination detection; Large Language Models; Multimodal Large Language Models; dynamical systems stability theory; stable equilibrium points; representation space; knowledge-transition regions; Lyapunov Probes; derivative-based stability constraints; input perturbations,2026-06-06
Do VLMs Perceive or Recall? Probing Visual Perception vs. Memory with Classic Visual Illusions,https://openaccess.thecvf.com/content/CVPR2026/papers/Sun_Do_VLMs_Perceive_or_Recall_Probing_Visual_Perception_vs._Memory_CVPR_2026_paper.pdf,https://arxiv.org/abs/2601.22150,Vision-Language Models; classic visual illusions; visual perception vs memory; VI-Probe; graded perturbations; matched visual controls; Polarity-Flip Consistency; Template Fixation Index; illusion multiplier; probing-based evaluation,2026-06-06
R$^2$TUA: Reconstruction-residual Based Targeted and Untargeted Attack Against Text-Image Person Re-Identification,https://openaccess.thecvf.com/content/CVPR2026/papers/Wang_R2TUA_Reconstruction-residual_Based_Targeted_and_Untargeted_Attack_Against_Text-Image_Person_CVPR_2026_paper.pdf,,Text-Image Person Re-Identification; adversarial attacks; vision-language models; Transformer-based Gradual Multimodal Fusion; Soft Clamp Function; Push-Pull Losses; targeted attack; untargeted attack; cross-modal fusion; adversarial perturbations,2026-06-06
SemLT3D: Semantic-Guided Expert Distillation for Camera-only Long-Tailed 3D Object Detection,https://openaccess.thecvf.com/content/CVPR2026/papers/Vo_SemLT3D_Semantic-Guided_Expert_Distillation_for_Camera-only_Long-Tailed_3D_Object_Detection_CVPR_2026_paper.pdf,https://arxiv.org/abs/2604.18476,camera-only 3D object detection; long-tail imbalance; autonomous driving; Semantic-Guided Expert Distillation; language-guided mixture-of-experts; semantic affinity; semantic projection distillation; CLIP-informed 2D semantics; 3D queries; long-tail recognition,2026-06-06
"Where, What, Why: Toward Explainable 3D-GS Watermarking",https://openaccess.thecvf.com/content/CVPR2026/papers/Cai_Where_What_Why_Toward_Explainable_3D-GS_Watermarking_CVPR_2026_paper.pdf,https://arxiv.org/abs/2603.08809,3D Gaussian Splatting; explainable watermarking; Gaussian primitives; Trio-Experts module; Safety and Budget Aware Gate; watermark carriers; visual compensators; channel-wise group mask; view-consistent watermark persistence; per-Gaussian attributions,2026-06-06
WEAVE: Unleashing and Benchmarking the In-context Interleaved Comprehension and Generation,https://openaccess.thecvf.com/content/CVPR2026/papers/Chow_WEAVE_Unleashing_and_Benchmarking_the_In-context_Interleaved_Comprehension_and_Generation_CVPR_2026_paper.pdf,https://arxiv.org/abs/2511.11434,unified multimodal models; in-context interleaved comprehension and generation; multi-turn image editing; context-aware image generation; WEAVE-100k; WEAVEBench; visual memory; cross-modality comprehension; VLM judger evaluation; world-knowledge reasoning,2026-06-06
Where Culture Fades: Revealing the Cultural Gap in Text-to-Image Generation,https://openaccess.thecvf.com/content/CVPR2026/papers/Shi_Where_Culture_Fades_Revealing_the_Cultural_Gap_in_Text-to-Image_Generation_CVPR_2026_paper.pdf,https://arxiv.org/abs/2511.17282,multilingual text-to-image generation; cross-lingual cultural consistency; English-biased results; culture-related representations; culture-sensitive neurons; probing method; inference-time cultural activation; layer-targeted cultural enhancement; CultureBench; cultural alignment,2026-06-06
SPE-MVS: Spatial Position Encoding Enhanced Multi-View Stereo with Monocular Depth Priors,https://openaccess.thecvf.com/content/CVPR2026/papers/Wang_SPE-MVS_Spatial_Position_Encoding_Enhanced_Multi-View_Stereo_with_Monocular_Depth_CVPR_2026_paper.pdf,,Multi-View Stereo; cost volume construction; spatial position encoding; monocular depth priors; photometric consistency; 3D reconstruction; depth estimation; feature similarity; hybrid feature extraction; depth probability map,2026-06-06
"No Calibration, No Depth, No Problem: Cross-Sensor View Synthesis with 3D Consistency",https://openaccess.thecvf.com/content/CVPR2026/papers/Wu_No_Calibration_No_Depth_No_Problem_Cross-Sensor_View_Synthesis_with_CVPR_2026_paper.pdf,https://arxiv.org/abs/2602.23559,cross-sensor view synthesis; RGB-X data alignment; RGB-X image matching; guided point densification; confidence-aware densification; self-matching filtering; 3D Gaussian Splatting; calibration-free RGB-X sensors; COLMAP; large-scale RGB-X data collection,2026-06-06
Unified Spatiotemporal Token Compression for Video-LLMs at Ultra-Low Retention,https://openaccess.thecvf.com/content/CVPR2026/papers/Du_Unified_Spatiotemporal_Token_Compression_for_Video-LLMs_at_Ultra-Low_Retention_CVPR_2026_paper.pdf,https://arxiv.org/abs/2603.21957,Video-LLMs; spatiotemporal token compression; ultra-low token retention; global token retention pool; attention weights; semantic similarity; clustering-based token merging; text-aware merging; query relevance; video understanding,2026-06-06
Hybrid Robust Collaborative Perception with LiDAR-4D Radar Fusion under Adverse Weather Conditions,https://openaccess.thecvf.com/content/CVPR2026/papers/Yang_Hybrid_Robust_Collaborative_Perception_with_LiDAR-4D_Radar_Fusion_under_Adverse_CVPR_2026_paper.pdf,,3D object detection; collaborative perception; LiDAR-4D radar fusion; adverse weather conditions; cross-modal gating; adaptive feature enhancement; sensor fusion; weather robustness; feature reliability validation; information loss mitigation,2026-06-06
Guiding a Diffusion Model by Swapping Its Tokens,https://openaccess.thecvf.com/content/CVPR2026/papers/Zhang_Guiding_a_Diffusion_Model_by_Swapping_Its_Tokens_CVPR_2026_paper.pdf,https://arxiv.org/abs/2604.08048,Classifier-Free Guidance; diffusion models; unconditional generation; conditional generation; token swap operations; token latents; Self-Swap Guidance; condition-free guidance; image fidelity; prompt alignment,2026-06-06
CARD: A Multi-Modal Automotive Dataset for Dense 3D Reconstruction in Challenging Road Topography,https://openaccess.thecvf.com/content/CVPR2026/papers/Elazab_CARD_A_Multi-Modal_Automotive_Dataset_for_Dense_3D_Reconstruction_in_CVPR_2026_paper.pdf,,3D reconstruction; depth estimation; LiDAR fusion; autonomous driving datasets; dense ground truth; road surface irregularities; stereo vision; depth completion; multi-modal sensing; challenging terrain,2026-06-06
Next-Scale Prediction: A Self-Supervised Approach for Real-World Image Denoising,https://openaccess.thecvf.com/content/CVPR2026/papers/Shan_Next-Scale_Prediction_A_Self-Supervised_Approach_for_Real-World_Image_Denoising_CVPR_2026_paper.pdf,https://arxiv.org/abs/2512.21038,self-supervised real-world image denoising; Next-Scale Prediction; blind-spot network; pixel-shuffle downsampling; noise decorrelation; detail preservation; cross-scale training pairs; correlated noise; high-frequency details; noisy image super-resolution,2026-06-06
Mitigating Simplicity Bias in OOD Detection through Object Co-occurrence Analysis,https://openaccess.thecvf.com/content/CVPR2026/papers/Dai_Mitigating_Simplicity_Bias_in_OOD_Detection_through_Object_Co-occurrence_Analysis_CVPR_2026_paper.pdf,,out-of-distribution detection; simplicity bias; object co-occurrence; disentangled representations; near-OOD detection; semantic contextual relationships; covariate shift; divide-and-conquer; object-centric learning; scene understanding,2026-06-06
UIKA: Fast Universal Head Avatar from Pose-Free Images,https://openaccess.thecvf.com/content/CVPR2026/papers/Wu_UIKA_Fast_Universal_Head_Avatar_from_Pose-Free_Images_CVPR_2026_paper.pdf,https://arxiv.org/abs/2601.07603,feed-forward animatable Gaussian head model; pose-free images; universal head avatar; UV-guided avatar modeling; pixel-wise facial correspondence estimation; screen-to-UV reprojection; learnable UV tokens; canonical Gaussian attributes; identity-rich synthetic training dataset; monocular and multi-view avatar reconstruction,2026-06-06
AGFT: Alignment-Guided Fine-Tuning for Zero-Shot Adversarial Robustness of Vision-Language Models,https://openaccess.thecvf.com/content/CVPR2026/papers/Cui_AGFT_Alignment-Guided_Fine-Tuning_for_Zero-Shot_Adversarial_Robustness_of_Vision-Language_Models_CVPR_2026_paper.pdf,https://arxiv.org/abs/2603.29410,Alignment-Guided Fine-Tuning; zero-shot adversarial robustness; vision-language models; cross-modal alignment; adversarial perturbations; text-guided adversarial training; soft alignment distributions; textual embeddings; distribution consistency calibration; zero-shot benchmarks,2026-06-06
Coupling Liquid Time-Constant Encoders with Modern Hopfield Memory,https://openaccess.thecvf.com/content/CVPR2026/papers/Swain_Coupling_Liquid_Time-Constant_Encoders_with_Modern_Hopfield_Memory_CVPR_2026_paper.pdf,,Liquid Time-Constant Networks; Modern Hopfield Memory; content-addressable memory; continuous-time neural networks; recurrent neural networks; time-series classification; gradient contraction; loss landscape optimization; neural dynamics; memory-augmented networks,2026-06-06
OmniGen2: Towards Instruction-Aligned Multimodal Generation,https://openaccess.thecvf.com/content/CVPR2026/papers/Wu_OmniGen2_Towards_Instruction-Aligned_Multimodal_Generation_CVPR_2026_paper.pdf,https://arxiv.org/abs/2506.18871,OmniGen2; instruction-aligned multimodal generation; text-to-image generation; image editing; in-context generation; decoupled image tokenizer; multimodal understanding models; reflection mechanism; subject-driven tasks; OmniContext,2026-06-06
MSJoE: Jointly Evolving MLLM and Sampler for Efficient Long-Form Video Understanding,https://openaccess.thecvf.com/content/CVPR2026/papers/Tan_MSJoE_Jointly_Evolving_MLLM_and_Sampler_for_Efficient_Long-Form_Video_CVPR_2026_paper.pdf,https://arxiv.org/abs/2602.22932,long-form video understanding; multimodal large language models; MLLM-Sampler Joint Evolution; lightweight key-frame sampler; key-frame selection; query-frame similarity matrix; frozen CLIP model; reinforcement learning optimization; long-video question answering; VideoMME/LongVideoBench benchmarking,2026-06-06
PQDT: Pseudo-Query Dual Transformer for Robust Point Cloud Restoration,https://openaccess.thecvf.com/content/CVPR2026/papers/Wu_PQDT_Pseudo-Query_Dual_Transformer_for_Robust_Point_Cloud_Restoration_CVPR_2026_paper.pdf,,3D point cloud restoration; Transformer architecture; point cloud completion; point cloud denoising; pseudo-query mechanism; 3D geometry reconstruction; degradation handling; local detail preservation; unified restoration network; sensor noise and outliers,2026-06-06
VisualAD: Language-Free Zero-Shot Anomaly Detection via Vision Transformer,https://openaccess.thecvf.com/content/CVPR2026/papers/Hou_VisualAD_Language-Free_Zero-Shot_Anomaly_Detection_via_Vision_Transformer_CVPR_2026_paper.pdf,https://arxiv.org/abs/2603.07952,zero-shot anomaly detection; anomaly localization; Vision Transformers; language-free anomaly detection; learnable normality tokens; learnable abnormality tokens; multi-layer self-attention; Spatial-Aware Cross-Attention; Self-Alignment Function; CLIP image encoder,2026-06-06
Shape-of-You: Fused Gromov-Wasserstein Optimal Transport for Semantic Correspondence in-the-Wild,https://openaccess.thecvf.com/content/CVPR2026/papers/Im_Shape-of-You_Fused_Gromov-Wasserstein_Optimal_Transport_for_Semantic_Correspondence_in-the-Wild_CVPR_2026_paper.pdf,https://arxiv.org/abs/2603.11618,semantic correspondence; Fused Gromov-Wasserstein optimal transport; pseudo-label generation; 3D foundation model; intra-structural consistency; geometric ambiguities; anchor-based linearization; probabilistic transport plan; soft-target loss; SPair-71k,2026-06-06
TRIDENT: A Trimodal Cascade Generative Framework for Drug and RNA-Conditioned Cellular Morphology Synthesis,https://openaccess.thecvf.com/content/CVPR2026/papers/Peng_TRIDENT_A_Trimodal_Cascade_Generative_Framework_for_Drug_and_RNA-Conditioned_CVPR_2026_paper.pdf,https://arxiv.org/abs/2511.18287,TRIDENT; cascade generative framework; drug-conditioned cellular morphology synthesis; RNA-conditioned cellular morphology synthesis; AI Virtual Cell; transcriptome-phenome mapping; L1000 gene expression; Cell Painting images; MorphoGene dataset; RNA-guided phenotype synthesis,2026-06-06
When Numbers Speak: Aligning Textual Numerals and Visual Instances in Text-to-Video Diffusion Models,https://openaccess.thecvf.com/content/CVPR2026/papers/Sun_When_Numbers_Speak_Aligning_Textual_Numerals_and_Visual_Instances_in_CVPR_2026_paper.pdf,https://arxiv.org/abs/2604.08546,text-to-video diffusion models; numerical alignment; object counting accuracy; NUMINA; identify-then-guide framework; prompt-layout inconsistencies; self-attention heads; cross-attention modulation; countable latent layout; CountBench,2026-06-06
Soft Modality-Guided Expert Specialization in MoE-VLMs,https://openaccess.thecvf.com/content/CVPR2026/papers/Bo_Soft_Modality-Guided_Expert_Specialization_in_MoE-VLMs_CVPR_2026_paper.pdf,https://arxiv.org/abs/2604.23996,Mixture-of-Experts; vision-language models; MoE-VLMs; expert routing; modality-specific signals; soft modality scores; layer-dependent modality fusion; expert specialization; mutual information regularization; expert-parallel deployment,2026-06-06
Critical Patch-Aware Sparse Prompting with Decoupled Training for Continual Learning on the Edge,https://openaccess.thecvf.com/content/CVPR2026/papers/Lim_Critical_Patch-Aware_Sparse_Prompting_with_Decoupled_Training_for_Continual_Learning_CVPR_2026_paper.pdf,https://arxiv.org/abs/2604.07399,continual learning; edge devices; prompt-based continual learning; CPS-Prompt; critical patch-aware sparse prompting; critical patch sampling; task-aware token reduction; decoupled prompt and classifier training; training-time memory efficiency; on-device adaptation,2026-06-06
Streamlined Open-Vocabulary Human-Object Interaction Detection,https://openaccess.thecvf.com/content/CVPR2026/papers/Sun_Streamlined_Open-Vocabulary_Human-Object_Interaction_Detection_CVPR_2026_paper.pdf,https://arxiv.org/abs/2603.27500,open-vocabulary human-object interaction detection; HOI detection; DINOv3; SL-HOI; Vision-Language Model; unseen HOI categories; cross-model representations; fine-grained localization; open-vocabulary interaction classification; cross-attention,2026-06-06
Multi-Prototype Compactness and Boundary-Aware Synthesis for Unsupervised Anomaly Detection,https://openaccess.thecvf.com/content/CVPR2026/papers/Liao_Multi-Prototype_Compactness_and_Boundary-Aware_Synthesis_for_Unsupervised_Anomaly_Detection_CVPR_2026_paper.pdf,,Unsupervised Anomaly Detection; Multi-Prototype Learning; Boundary-Aware Synthesis; Prototype-Guided Boundary Learning; Anomaly Localization; Decision Boundary; Pseudo-Anomaly Generation; MVTec-AD; Compact Representation Learning; Industrial Quality Control,2026-06-06
DynBridge: Bridging Imagination and Control through Interaction Dynamics for Robot Manipulation,https://openaccess.thecvf.com/content/CVPR2026/papers/Wang_DynBridge_Bridging_Imagination_and_Control_through_Interaction_Dynamics_for_Robot_CVPR_2026_paper.pdf,,interaction dynamics; robot manipulation; generative models; action guidance; visual prediction; dynamics representation; joint trajectory generation; action-conditioned dynamics; physics-informed control; behavior synthesis,2026-06-06
BulletTime: Decoupled Control of Time and Camera Pose for Video Generation,https://openaccess.thecvf.com/content/CVPR2026/papers/Wang_BulletTime_Decoupled_Control_of_Time_and_Camera_Pose_for_Video_CVPR_2026_paper.pdf,https://arxiv.org/abs/2512.05076,4D-controllable video diffusion; scene dynamics decoupling; camera pose control; world-time sequences; camera trajectories; 4D positional encoding; attention-layer conditioning; adaptive normalization; feature modulation; temporal-camera variation dataset,2026-06-06
Human Interaction-Aware 3D Reconstruction from a Single Image,https://openaccess.thecvf.com/content/CVPR2026/papers/Kim_Human_Interaction-Aware_3D_Reconstruction_from_a_Single_Image_CVPR_2026_paper.pdf,https://arxiv.org/abs/2604.05436,single-image 3D human reconstruction; multi-human scenes; interaction-aware reconstruction; group-level context; canonical orthographic space; Human Group-Instance Multi-View Diffusion; multi-view normals; physics-based interaction priors; inter-human contact; high-fidelity texture,2026-06-06
Adaptive Action Chunking at Inference-time for Vision-Language-Action Models,https://openaccess.thecvf.com/content/CVPR2026/papers/Liang_Adaptive_Action_Chunking_at_Inference-time_for_Vision-Language-Action_Models_CVPR_2026_paper.pdf,https://arxiv.org/abs/2604.04161,Vision-Language-Action models; Adaptive Action Chunking; action chunking; inference-time chunk size adaptation; action entropy; robotic manipulation; mode-jumping; intermediate replanning; reactivity-consistency tradeoff; real-world robotic manipulation tasks,2026-06-06
MA-Bench: Towards Fine-grained Micro-Action Understanding,https://openaccess.thecvf.com/content/CVPR2026/papers/Li_MA-Bench_Towards_Fine-grained_Micro-Action_Understanding_CVPR_2026_paper.pdf,https://arxiv.org/abs/2603.26586,Micro-Action understanding; MA-Bench; Multimodal Large Language Models; human emotion analysis; micro-action perception; relational comprehension; interpretive reasoning; motion granularity; fine-grained body-part dynamics; structured micro-action captions,2026-06-06
Beyond Layer-Wise Merging: Chain-of-Merging for Vision-Language Models,https://openaccess.thecvf.com/content/CVPR2026/papers/Zhang_Beyond_Layer-Wise_Merging_Chain-of-Merging_for_Vision-Language_Models_CVPR_2026_paper.pdf,,vision-language models; model merging; Chain-of-Merging; adaptive layer matching; dynamic weight merging; layer-wise merging; VLM reasoning; spherical linear interpolation; mathematical reasoning benchmarks; training-free methods,2026-06-06
WeaveTime: Streaming from Earlier Frames into Emergent Memory in VideoLLMs,https://openaccess.thecvf.com/content/CVPR2026/papers/Zhang_WeaveTime_Streaming_from_Earlier_Frames_into_Emergent_Memory_in_VideoLLMs_CVPR_2026_paper.pdf,https://arxiv.org/abs/2602.22142,Time-Agnosticism; Video-LLMs; streaming video understanding; temporal order ambiguity; past-current focus blindness; Temporal Reconstruction objective; Streaming Order Perception; order-aware representations; Past-Current Dynamic Focus Cache; time-causal constraints,2026-06-06
Self-Attention Driven Tensor Representation for High-Order Data Recovery,https://openaccess.thecvf.com/content/CVPR2026/papers/Shi_Self-Attention_Driven_Tensor_Representation_for_High-Order_Data_Recovery_CVPR_2026_paper.pdf,,Low-rank tensor representation; self-attention mechanism; nonlinear tensor modeling; high-order data recovery; tensor completion; factor self-representation; sparse tensor representation; multilayer perceptrons; global dependency modeling; tensor factorization,2026-06-06
FLARE: A Failure-Aware Framework for Autonomous Correction and Recovery in Visual-Language Robotic Manipulation,https://openaccess.thecvf.com/content/CVPR2026/papers/Zhao_FLARE_A_Failure-Aware_Framework_for_Autonomous_Correction_and_Recovery_in_CVPR_2026_paper.pdf,,Vision-Language-Action Models; robotic manipulation; error recovery; failure detection; Retry mechanism; Reset pipeline; out-of-distribution failures; object-centric skills; MLLM monitoring; contact-rich manipulation,2026-06-06
ReFAct: Empowering Multimodal Web Agents with Visual and Context Focusing,https://openaccess.thecvf.com/content/CVPR2026/papers/Wu_ReFAct_Empowering_Multimodal_Web_Agents_with_Visual_and_Context_Focusing_CVPR_2026_paper.pdf,,multimodal web agents; visual perception; context management; attention mechanisms; information filtering; grounding tools; cross-modal reasoning; visual noise mitigation; memory-based focusing; vision-language integration,2026-06-06
Breaking the Scalability Limit of Multi-Projector Calibration with Embedded Cameras,https://openaccess.thecvf.com/content/CVPR2026/papers/Kawano_Breaking_the_Scalability_Limit_of_Multi-Projector_Calibration_with_Embedded_Cameras_CVPR_2026_paper.pdf,https://arxiv.org/abs/2604.24024,multi-projector calibration; embedded cameras; structured light patterns; projection mapping systems; simultaneous projector calibration; incident direction separation; intrinsic and extrinsic parameters; calibration board misalignment correction; dense multi-projector systems; overlapping projection regions,2026-06-06
Distilling Quasi-Conformal Mapping: A Generalizable and Efficient Solution for Wide-Angle Correction,https://openaccess.thecvf.com/content/CVPR2026/papers/Liu_Distilling_Quasi-Conformal_Mapping_A_Generalizable_and_Efficient_Solution_for_Wide-Angle_CVPR_2026_paper.pdf,,Wide-angle correction; Quasi-conformal mapping; Distillation; Beltrami smoothness energy; Correction flow; Mamba-based backbone; Soft-argmin head; Low-rank prior reconstruction; Lens distortion; Human body distortion mitigation,2026-06-06
UNICBench: UNIfied Counting Benchmark for MLLM,https://openaccess.thecvf.com/content/CVPR2026/papers/Rong_UNICBench_UNIfied_Counting_Benchmark_for_MLLM_CVPR_2026_paper.pdf,https://arxiv.org/abs/2603.00595,UNICBench; unified counting benchmark; multimodal large language models; multimodal counting; multi-level counting taxonomy; evaluation toolkit; deterministic numeric parsing; stratified reporting; modality-specific matching; long-tail counting errors,2026-06-06
CGL: Advancing Continual GUI Learning via Reinforcement Fine-Tuning,https://openaccess.thecvf.com/content/CVPR2026/papers/Yao_CGL_Advancing_Continual_GUI_Learning_via_Reinforcement_Fine-Tuning_CVPR_2026_paper.pdf,https://arxiv.org/abs/2603.02951,continual GUI learning; GUI agents; multimodal large language models; reinforcement fine-tuning; supervised fine-tuning; knowledge overwriting; policy entropy; gradient surgery; GRPO-based anchor gradients; AndroidControl-CL benchmark,2026-06-06
DVGT: Driving Visual Geometry Transformer,https://openaccess.thecvf.com/content/CVPR2026/papers/Zuo_DVGT_Driving_Visual_Geometry_Transformer_CVPR_2026_paper.pdf,https://arxiv.org/abs/2512.16919,Driving Visual Geometry Transformer; dense 3D point map; unposed multi-view visual inputs; autonomous driving; DINO backbone; cross-view spatial attention; cross-frame temporal attention; ego pose estimation; arbitrary camera configurations; metric-scaled geometry,2026-06-06
TextFM: Robust Semi-dense Feature Matching with Language Guidance,https://openaccess.thecvf.com/content/CVPR2026/papers/Zheng_TextFM_Robust_Semi-dense_Feature_Matching_with_Language_Guidance_CVPR_2026_paper.pdf,,Feature matching; vision-language models; domain-invariant semantics; detector-free matching; textual embeddings; illumination-invariant features; Low-Rank Adaptation; Vision Foundation Models; textureless surfaces; cross-domain robustness,2026-06-06
Towards Open Environments and Instructions: General Vision-Language Navigation via Fast-Slow Interactive Reasoning,https://openaccess.thecvf.com/content/CVPR2026/papers/Li_Towards_Open_Environments_and_Instructions_General_Vision-Language_Navigation_via_Fast-Slow_CVPR_2026_paper.pdf,https://arxiv.org/abs/2601.09111,Vision-Language Navigation; General Scene Adaptation; GSA-VLN; fast-slow interactive reasoning; open-world navigation; generalized navigation ability; slow4fast-VLN; end-to-end strategy network; history repository memory; deep reflection for decision-making,2026-06-06
ExpPortrait: Expressive Portrait Generation via Personalized Representation,https://openaccess.thecvf.com/content/CVPR2026/papers/Wang_ExpPortrait_Expressive_Portrait_Generation_via_Personalized_Representation_CVPR_2026_paper.pdf,https://arxiv.org/abs/2602.19900,expressive portrait generation; personalized head representation; diffusion transformer; portrait video synthesis; expression-identity disentanglement; expression transfer; head pose transfer; cross-reenactment; identity preservation; temporal stability,2026-06-06
SpaceMind: Camera-Guided Modality Fusion for Spatial Reasoning in Vision-Language Models,https://openaccess.thecvf.com/content/CVPR2026/papers/Zhao_SpaceMind_Camera-Guided_Modality_Fusion_for_Spatial_Reasoning_in_Vision-Language_Models_CVPR_2026_paper.pdf,https://arxiv.org/abs/2511.23075,SpaceMind; camera-guided modality fusion; spatial reasoning; vision-language models; RGB-only 3D understanding; dual-encoder architecture; VGGT spatial encoder; camera representation; camera-conditioned biasing; cross-view consistency,2026-06-06
Concept-Guided Fine-Tuning: Steering ViTs away from Spurious Correlations to Improve Robustness,https://openaccess.thecvf.com/content/CVPR2026/papers/Elisha_Concept-Guided_Fine-Tuning_Steering_ViTs_away_from_Spurious_Correlations_to_Improve_CVPR_2026_paper.pdf,https://arxiv.org/abs/2603.08309,Vision Transformers; distribution shifts; spurious correlations; concept-guided fine-tuning; concept-level semantics; relevance maps; spatially grounded concept masks; LLM-based label-free concept proposal; VLM segmentation; out-of-distribution robustness,2026-06-06
FlashVGGT: Efficient and Scalable Visual Geometry Transformers with Compressed Descriptor Attention,https://openaccess.thecvf.com/content/CVPR2026/papers/Wang_FlashVGGT_Efficient_and_Scalable_Visual_Geometry_Transformers_with_Compressed_Descriptor_CVPR_2026_paper.pdf,https://arxiv.org/abs/2512.01540,3D reconstruction; multi-view images; Visual Geometry Grounding Transformer; FlashVGGT; compressed descriptor attention; descriptor tokens; cross-attention; online inference; chunk-recursive mechanism; long image sequences,2026-06-06
The Geometry of Robustness: Optimizing Loss Landscape Curvature and Feature Manifold Alignment for Robust Finetuning of Vision-Language Models,https://openaccess.thecvf.com/content/CVPR2026/papers/Chopra_The_Geometry_of_Robustness_Optimizing_Loss_Landscape_Curvature_and_Feature_CVPR_2026_paper.pdf,https://arxiv.org/abs/2603.27139,Vision-Language Models; robust fine-tuning; Out-of-Distribution generalization; adversarial robustness; loss landscape curvature; feature manifold alignment; adaptive curvature estimation; Robust PAC-Bayes theory; adaptive weight perturbations; CLIP models,2026-06-06
PolarGuide-GSDR: 3D Gaussian Splatting Driven by Polarization Priors and Deferred Reflection for Real-World Reflective Scenes,https://openaccess.thecvf.com/content/CVPR2026/papers/Shan_PolarGuide-GSDR_3D_Gaussian_Splatting_Driven_by_Polarization_Priors_and_Deferred_CVPR_2026_paper.pdf,https://arxiv.org/abs/2512.02664,3D Gaussian Splatting; polarization priors; deferred reflection; reflective scenes; novel view synthesis; specular reconstruction; reflection-geometry entanglement; normal estimation; spherical harmonic representation; real-time rendering,2026-06-06
Parallelised Differentiable Straightest Geodesics for 3D Meshes,https://openaccess.thecvf.com/content/CVPR2026/papers/Verninas_Parallelised_Differentiable_Straightest_Geodesics_for_3D_Meshes_CVPR_2026_paper.pdf,https://arxiv.org/abs/2603.15780,straightest geodesics; 3D meshes; differentiable exponential map; Riemannian surfaces; geodesic finite differences; parallel transport; GPU parallelisation; geodesic convolutional layer; flow matching on meshes; centroidal Voronoi tessellation,2026-06-06
Fusion of Depth and Semantics for Probabilistic Floorplan Localization,https://openaccess.thecvf.com/content/CVPR2026/papers/Ye_Fusion_of_Depth_and_Semantics_for_Probabilistic_Floorplan_Localization_CVPR_2026_paper.pdf,,floorplan localization; camera pose estimation; 2D floorplan; indoor robotics; augmented reality; ray-based matching; depth and semantic fusion; distribution-based ray confidence estimator; probabilistic semantic matching; Jensen-Shannon divergence,2026-06-06
FFP-300K: Scaling First-Frame Propagation for Generalizable Video Editing,https://openaccess.thecvf.com/content/CVPR2026/papers/Huang_FFP-300K_Scaling_First-Frame_Propagation_for_Generalizable_Video_Editing_CVPR_2026_paper.pdf,https://arxiv.org/abs/2601.01720,First-Frame Propagation; controllable video editing; FFP-300K dataset; guidance-free FFP; high-fidelity video pairs; Adaptive Spatio-Temporal RoPE; positional encoding remapping; appearance-motion disentanglement; self-distillation; temporal stability,2026-06-06
OpenMarcie: Dataset for Multimodal Action Recognition in Industrial Environments,https://openaccess.thecvf.com/content/CVPR2026/papers/Bello_OpenMarcie_Dataset_for_Multimodal_Action_Recognition_in_Industrial_Environments_CVPR_2026_paper.pdf,https://arxiv.org/abs/2603.02390,multimodal action recognition; industrial environments; human action monitoring; smart factories; wearable sensing modalities; egocentric and exocentric cameras; manufacturing assembly tasks; activity classification; open vocabulary captioning; cross-modal alignment,2026-06-06
Avatar Forcing: Real-Time Interactive Head Avatar Generation for Natural Conversation,https://openaccess.thecvf.com/content/CVPR2026/papers/Ki_Avatar_Forcing_Real-Time_Interactive_Head_Avatar_Generation_for_Natural_Conversation_CVPR_2026_paper.pdf,https://arxiv.org/abs/2601.00664,interactive head avatar generation; talking head generation; real-time avatar interaction; diffusion forcing; multimodal inputs; low-latency motion generation; causal constraints; direct preference optimization; label-free expressive interaction; reactive avatar motion,2026-06-06
No Way To Steal My Face: Proactive Defense Against Identity-Preserving Personalized Generation,https://openaccess.thecvf.com/content/CVPR2026/papers/Xiong_No_Way_To_Steal_My_Face_Proactive_Defense_Against_Identity-Preserving_CVPR_2026_paper.pdf,,identity-preserving image generation; diffusion models; personalized generation; facial reference image privacy; IDGuardian; model-agnostic identity protection; training-free personalization; adversarial perturbations; identity extraction; identity injection,2026-06-06
GaussianVision: Vision-Language Alignment from Compressed Image Representations using 2D Gaussian Splatting,https://openaccess.thecvf.com/content/CVPR2026/papers/Omri_GaussianVision_Vision-Language_Alignment_from_Compressed_Image_Representations_using_2D_Gaussian_CVPR_2026_paper.pdf,https://arxiv.org/abs/2509.22615,2D Gaussian Splatting; vision-language alignment; compressed image representations; edge-cloud learning; CLIP; contrastive language-image pre-training; splat-aware input stem; perceiver resampler; luminance-aware pruning; zero-shot performance,2026-06-06
Domain Sensitive Federated Learning with Fisher-Informed Pruning,https://openaccess.thecvf.com/content/CVPR2026/papers/Lin_Domain_Sensitive_Federated_Learning_with_Fisher-Informed_Pruning_CVPR_2026_paper.pdf,,Federated Learning; federated pruning; domain-sensitive Fisher pruning; Fisher information; domain heterogeneity; pruning mask; personalized sparse models; domain prototypes; structure-contrastive loss; structure-aware aggregation,2026-06-06
PAVAS: Physics-Aware Video-to-Audio Synthesis,https://openaccess.thecvf.com/content/CVPR2026/papers/Hyun-Bin_PAVAS_Physics-Aware_Video-to-Audio_Synthesis_CVPR_2026_paper.pdf,,Physics-Aware Video-to-Audio Synthesis; latent diffusion-based V2A generation; Physics-Driven Audio Adapter; physical reasoning; object-level physical parameters; Vision-Language Model; dynamic 3D reconstruction; motion trajectory; VGG-Impact benchmark; Audio-Physics Correlation Coefficient,2026-06-06
From 3D Pose to Prose: Biomechanics-Grounded Vision-Language Coaching,https://openaccess.thecvf.com/content/CVPR2026/papers/Ji_From_3D_Pose_to_Prose_Biomechanics-Grounded_Vision-Language_Coaching_CVPR_2026_paper.pdf,https://arxiv.org/abs/2603.26938,biomechanics-grounded vision-language coaching; fitness coaching from streaming video; 3D skeletal kinematics; exercise-specific degree-of-freedom selector; individualized morphometrics; cycle and constraint analysis; vision-biomechanics conditioned feedback; cross-attention feedback generation; parameter-efficient training; biomechanics-aware LLM judge metric,2026-06-06
VGGT-ohm,https://openaccess.thecvf.com/content/CVPR2026/papers/Wang_VGGT-ohm_CVPR_2026_paper.pdf,,feed-forward 3D reconstruction; static and dynamic scenes; model scaling; training efficiency; high-quality data annotation pipeline; self-supervised learning; dense prediction head; multi-task supervision; efficient scene tokens; camera estimation accuracy,2026-06-06
3D-IDE: 3D Implicit Depth Emergent,https://openaccess.thecvf.com/content/CVPR2026/papers/Zhang_3D-IDE_3D_Implicit_Depth_Emergent_CVPR_2026_paper.pdf,https://arxiv.org/abs/2604.03296,Multimodal Large Language Models; indoor scene understanding; 2D-3D representation fusion; 3D-Implicit Depth Emergence; geometric self-supervision; Implicit Geometric Emergence Principle; fine-grained geometry validator; information bottleneck; dependency-free 3D understanding; visual-language models,2026-06-06
Sculpt4D: Generating 4D Shapes via Sparse-Attention Diffusion Transformers,https://openaccess.thecvf.com/content/CVPR2026/papers/Yin_Sculpt4D_Generating_4D_Shapes_via_Sparse-Attention_Diffusion_Transformers_CVPR_2026_paper.pdf,https://arxiv.org/abs/2604.21592,4D shape generation; dynamic 4D generation; 3D generative modeling; 3D Diffusion Transformer; Hunyuan3D 2.1; Block Sparse Attention; temporal modeling; spatiotemporal dependencies; temporally coherent 4D synthesis; time-decaying sparse mask,2026-06-06
Seeing Through the Noise: Improving Infrared Small Target Detection and Segmentation from Noise Suppression Perspective,https://openaccess.thecvf.com/content/CVPR2026/papers/Yuan_Seeing_Through_the_Noise_Improving_Infrared_Small_Target_Detection_and_CVPR_2026_paper.pdf,https://arxiv.org/abs/2508.06878,infrared small target detection and segmentation; noise suppression; frequency domain analysis; noise-suppression feature pyramid network; low-frequency guided feature purification; high-frequency component purification; spiral-aware feature sampling; spiral sampling; feature fusion; false alarm reduction,2026-06-06
SegCompass: Exploring Interpretable Alignment with Sparse Autoencoders for Enhanced Reasoning Segmentation,https://openaccess.thecvf.com/content/CVPR2026/papers/Lu_SegCompass_Exploring_Interpretable_Alignment_with_Sparse_Autoencoders_for_Enhanced_Reasoning_CVPR_2026_paper.pdf,https://arxiv.org/abs/2605.22658,reasoning segmentation; interpretable alignment; Sparse Autoencoder; chain-of-thought trace; sparse concept space; visual tokens; query codebook; multi-slot heatmap; mask decoder; reinforcement learning for reasoning,2026-06-06
AdapAction: Adaptive Target Action Backdoor Attack against GUI Agents,https://openaccess.thecvf.com/content/CVPR2026/papers/Chen_AdapAction_Adaptive_Target_Action_Backdoor_Attack_against_GUI_Agents_CVPR_2026_paper.pdf,,GUI agents; Multimodal Large Language Models; backdoor attacks; adaptive target action; context-aware policy; malicious action selection; GUI state; Android-In-The-Zoo; Android-Control; LLM defense,2026-06-06
VideoFusion: A Spatio-Temporal Collaborative Network for Multi-modal Video Fusion,https://openaccess.thecvf.com/content/CVPR2026/papers/Tang_VideoFusion_A_Spatio-Temporal_Collaborative_Network_for_Multi-modal_Video_Fusion_CVPR_2026_paper.pdf,https://arxiv.org/abs/2503.23359,multi-modal video fusion; infrared-visible videos; M3SVD benchmark dataset; spatio-temporal collaborative network; cross-modal complementarity; temporal dynamics; differential reinforcement module; modality-guided fusion; bi-temporal co-attention; temporal inconsistency mitigation,2026-06-06
EgoAVU: Egocentric Audio-Visual Understanding,https://openaccess.thecvf.com/content/CVPR2026/papers/Seth_EgoAVU_Egocentric_Audio-Visual_Understanding_CVPR_2026_paper.pdf,https://arxiv.org/abs/2602.06139,egocentric audio-visual understanding; egocentric videos; multi-modal large language models; audio-visual narrations; cross-modal correlation modeling; token-based video filtering; graph-based curation; EgoAVU-Instruct; EgoAVU-Bench; audio-visual correspondence,2026-06-06
CARD: Correlation Aware Restoration with Diffusion,https://openaccess.thecvf.com/content/CVPR2026/papers/Nezakati_CARD_Correlation_Aware_Restoration_with_Diffusion_CVPR_2026_paper.pdf,,Correlation Aware Restoration with Diffusion; denoising diffusion models; image restoration; spatially correlated noise; correlated Gaussian noise; DDRM; noise whitening; closed-form sampling; CIN-D dataset; rolling-shutter sensor noise,2026-06-06
3D Gaussian Splatting at Arbitrary Resolutions with Compact Proxy Anchors,https://openaccess.thecvf.com/content/CVPR2026/papers/Jeong_3D_Gaussian_Splatting_at_Arbitrary_Resolutions_with_Compact_Proxy_Anchors_CVPR_2026_paper.pdf,,3D Gaussian Splatting; arbitrary resolution view synthesis; resolution-adaptive 3D Gaussians; alias-free rendering; Scaffold-GS; resolution embedding; anchor feature representation; pixel coverage gate; compact proxy anchors; residual anchor predictor,2026-06-06
TopoHR: Hierarchical Centerline Representation for Cyclic Topology Reasoning in Driving Scenes with Point-to-Instance Relations,https://openaccess.thecvf.com/content/CVPR2026/papers/Bai_TopoHR_Hierarchical_Centerline_Representation_for_Cyclic_Topology_Reasoning_in_Driving_CVPR_2026_paper.pdf,,TopoHR; topology reasoning; autonomous driving; centerline detection; cyclic topology reasoning; hierarchical centerline representation; point-to-instance relationships; instance-to-instance connections; hierarchical centerline decoder; OpenLane-V2 benchmark,2026-06-06
Depth Any Panoramas: A Foundation Model for Panoramic Depth Estimation,https://openaccess.thecvf.com/content/CVPR2026/papers/Lin_Depth_Any_Panoramas_A_Foundation_Model_for_Panoramic_Depth_Estimation_CVPR_2026_paper.pdf,https://arxiv.org/abs/2512.16913,panoramic depth estimation; metric depth foundation model; data-in-the-loop; pseudo-label curation; DINOv3-Large; range mask head; sharpness-centric optimization; geometry-centric optimization; zero-shot generalization; geometric consistency,2026-06-06
Identity-Preserving Image-to-Video Generation via Reward-Guided Optimization,https://openaccess.thecvf.com/content/CVPR2026/papers/Shen_Identity-Preserving_Image-to-Video_Generation_via_Reward-Guided_Optimization_CVPR_2026_paper.pdf,https://arxiv.org/abs/2510.14255,image-to-video generation; identity preservation; human-centric video generation; video diffusion; reward-guided optimization; reinforcement learning; face identity scorer; diffusion model tuning; facial feature pools; KL-divergence regularization,2026-06-06
CREward: A Type-Specific Creativity Reward Model,https://openaccess.thecvf.com/content/CVPR2026/papers/Han_CREward_A_Type-Specific_Creativity_Reward_Model_CVPR_2026_paper.pdf,,type-specific creativity reward model; CREward; geometry creativity; material creativity; texture creativity; human creativity benchmark; large vision-language models; LVLM-generated labels; explainable creativity; low-rank adaptation,2026-06-06
TimeRipples: Accelerating vDiTs by Understanding the Spatio-Temporal Correlations in Latent Space,https://openaccess.thecvf.com/content/CVPR2026/papers/Mao_TimeRipples_Accelerating_vDiTs_by_Understanding_the_Spatio-Temporal_Correlations_in_Latent_CVPR_2026_paper.pdf,,video diffusion transformers; vDiTs; self-attention acceleration; spatio-temporal correlations; latent space; token channel correlations; attention pattern reuse; partial attention scores; video generation; VBench,2026-06-06
GUI-CEval: A Hierarchical and Comprehensive Chinese Benchmark for Mobile GUI Agents,https://openaccess.thecvf.com/content/CVPR2026/papers/Li_GUI-CEval_A_Hierarchical_and_Comprehensive_Chinese_Benchmark_for_Mobile_GUI_CVPR_2026_paper.pdf,https://arxiv.org/abs/2603.15039,Chinese mobile GUI agents; GUI-CEval; Multimodal Large Language Models; GUI grounding; physical device environments; hierarchical benchmark; cross-modal reasoning; interactive control; reflective decision-making; post-action self-evaluation,2026-06-06
TAS-LoRA: Transformer Architecture Search with Mixture-of-LoRA Experts,https://openaccess.thecvf.com/content/CVPR2026/papers/Jeon_TAS-LoRA_Transformer_Architecture_Search_with_Mixture-of-LoRA_Experts_CVPR_2026_paper.pdf,https://arxiv.org/abs/2605.07256,Transformer architecture search; vision transformer architectures; feature collapse; supernet shared weights; subnet-specific feature learning; low-rank adaptation; Mixture-of-LoRA Experts; lightweight router; group-wise router initialization; transfer learning benchmarks,2026-06-06
Beyond Reassembly: Fractured Object Recovery with Missing Parts,https://openaccess.thecvf.com/content/CVPR2026/papers/Xu_Beyond_Reassembly_Fractured_Object_Recovery_with_Missing_Parts_CVPR_2026_paper.pdf,,fractured object recovery; fractured object reassembly; missing parts prediction; complete shape recovery; joint part reassembly and prediction; transformer missing tokens; shape prior knowledge; non-overlapping parts reasoning; fractured object benchmark; learning-based 3D shape recovery,2026-06-06
Frame2Freq: Spectral Adapters for Fine-Grained Video Understanding,https://openaccess.thecvf.com/content/CVPR2026/papers/Ponbagavathi_Frame2Freq_Spectral_Adapters_for_Fine-Grained_Video_Understanding_CVPR_2026_paper.pdf,https://arxiv.org/abs/2602.18977,frequency-aware adapters; spectral encoding; image-to-video adaptation; pretrained Vision Foundation Models; fine-grained action recognition; Fast Fourier Transform; frequency-band specific embeddings; temporal dynamics; parameter-efficient fine-tuning; fine-grained activity recognition,2026-06-06
UI-Lens: Assessing General MLLMs' Potential to Automate UI Display Quality Assurance,https://openaccess.thecvf.com/content/CVPR2026/papers/Xiang_UI-Lens_Assessing_General_MLLMs_Potential_to_Automate_UI_Display_Quality_CVPR_2026_paper.pdf,,multimodal large language models; vision-language models; UI display defect detection; UI-Lens benchmark; multilingual UI scenarios; fine-grained element boundary understanding; missing-content detection; sequential interface semantic consistency; Text Overflow; Container Overlap,2026-06-06
DA-VAE: Plug-in Latent Compression for Diffusion via Detail Alignment,https://openaccess.thecvf.com/content/CVPR2026/papers/Cai_DA-VAE_Plug-in_Latent_Compression_for_Diffusion_via_Detail_Alignment_CVPR_2026_paper.pdf,https://arxiv.org/abs/2603.22125,latent diffusion models; high-compression image tokenizers; high-dimensional latent spaces; diffusion retraining; pretrained diffusion models; Detail-Aligned VAE; latent dimensionality expansion; detail-alignment mechanism; Stable Diffusion 3.5; high-resolution image generation,2026-06-06
InternVideo-Next: Towards World-Understanding Video Models,https://openaccess.thecvf.com/content/CVPR2026/papers/Wang_InternVideo-Next_Towards_World-Understanding_Video_Models_CVPR_2026_paper.pdf,,masked video modeling; video-text pretraining; Encoder-Predictor-Decoder framework; latent world model; conditional diffusion decoder; image-level semantic priors; pixel-level reconstruction; shortcut learning; world knowledge prediction; video representation learning,2026-06-06
VMD-FACT: A New Video Dataset and MLLM-based method for Detecting Realistic AI-Generated Video Misinformation,https://openaccess.thecvf.com/content/CVPR2026/papers/Zhang_VMD-FACT_A_New_Video_Dataset_and_MLLM-based_method_for_Detecting_CVPR_2026_paper.pdf,,AI-generated video misinformation; realistic video misinformation detection; RAVM dataset; video misinformation detection; cross-modal consistency; cross-modal manipulation; agent-driven misinformation generation; multimodal evidence graph; fact-checking evidence dependencies; Multimodal Large Language Models,2026-06-06
ReMatch: Boosting Representation through Matching for Multimodal Retrieval,https://openaccess.thecvf.com/content/CVPR2026/papers/Liu_ReMatch_Boosting_Representation_through_Matching_for_Multimodal_Retrieval_CVPR_2026_paper.pdf,https://arxiv.org/abs/2511.19278,multimodal retrieval; MLLM embeddings; generative matching; chat-style relevance prediction; multi-view inputs; instance-wise discrimination supervision; contrastive loss; hard negatives; learnable tokens; Massive Multimodal Embedding Benchmark,2026-06-06
"Same Attention, Different Truths: Put Logit-Lens over Visual Attention to Detect and Mitigate LVLM Object Hallucination",https://openaccess.thecvf.com/content/CVPR2026/papers/Wang_Same_Attention_Different_Truths_Put_Logit-Lens_over_Visual_Attention_to_CVPR_2026_paper.pdf,,Large Vision-Language Models; object hallucination; visual attention; Logit Lens; high-attention regions; visual uncertainty; contextual prior; Logit-Lens Consistency Check; High-Attention Regions Masking; Visual Evidence Enhanced Decoding,2026-06-06
POCA: Pareto-Optimal Curriculum Alignment for Visual Text Generation,https://openaccess.thecvf.com/content/CVPR2026/papers/Fan_POCA_Pareto-Optimal_Curriculum_Alignment_for_Visual_Text_Generation_CVPR_2026_paper.pdf,https://arxiv.org/abs/2604.24171,visual text generation; Pareto-Optimal Curriculum Alignment; text accuracy; image coherence; multi-objective reinforcement learning; multiple rewards; Pareto-optimal set; adaptive curriculum alignment; automatic difficulty assessment; unified reward space,2026-06-06
Solvability of the Viewing Graph Under the Affine Camera Model,https://openaccess.thecvf.com/content/CVPR2026/papers/Pedroni_Solvability_of_the_Viewing_Graph_Under_the_Affine_Camera_Model_CVPR_2026_paper.pdf,,viewing graph solvability; affine camera model; Structure from Motion; pairwise camera relationships; fundamental matrices; linear system characterization; affine solvability; calibrated camera model; uncalibrated camera model; structure-from-motion datasets,2026-06-06
Seeing Beyond 8bits: Subjective and Objective Quality Assessment of HDR-UGC Videos,https://openaccess.thecvf.com/content/CVPR2026/papers/Saini_Seeing_Beyond_8bits_Subjective_and_Objective_Quality_Assessment_of_HDR-UGC_CVPR_2026_paper.pdf,https://arxiv.org/abs/2603.00938,HDR-UGC video quality assessment; High Dynamic Range video; user-generated content; Beyond8Bits dataset; HDR-Q; Multimodal Large Language Model; HDR-aware vision encoder; HDR-Aware Policy Optimization; HDR-SDR contrastive KL; mean opinion score calibration,2026-06-06
Seeing Both Sides: Towards Bidirectional Semantic Alignment for Open-Vocabulary Camouflaged Object Segmentation,https://openaccess.thecvf.com/content/CVPR2026/papers/Zhang_Seeing_Both_Sides_Towards_Bidirectional_Semantic_Alignment_for_Open-Vocabulary_Camouflaged_CVPR_2026_paper.pdf,,Open-Vocabulary Camouflaged Object Segmentation; bidirectional semantic alignment; BaCLIP; Mutual Refinement and Enhancement Module; bidirectional cross-attention; visual-textual features; adaptive prompt; Segment Anything Model; semantic confusion; OVCamo benchmark,2026-06-06
Geo2: Geometry-Guided Cross-view Geo-Localization and Image Synthesis,https://openaccess.thecvf.com/content/CVPR2026/papers/Zhang_Geo2_Geometry-Guided_Cross-view_Geo-Localization_and_Image_Synthesis_CVPR_2026_paper.pdf,,Cross-view geo-localization; Cross-view image synthesis; Geometric Foundation Models; 3D geometric priors; ground-to-aerial imagery; GeoMap; 3D-aware latent space; GeoFlow; flow matching; bidirectional synthesis coherence,2026-06-06
Efficiency Follows Global-Local Decoupling,https://openaccess.thecvf.com/content/CVPR2026/papers/Yang_Efficiency_Follows_Global-Local_Decoupling_CVPR_2026_paper.pdf,https://arxiv.org/abs/2603.19567,global-local decoupling; ConvNeur; two-branch architecture; neural memory branch; global context aggregation; locality-preserving branch; learned gate; subquadratic scaling; local inductive priors; accuracy-latency trade-offs,2026-06-06
SMRABooth: Subject and Motion Representation Alignment for Customized Video Generation,https://openaccess.thecvf.com/content/CVPR2026/papers/Xu_SMRABooth_Subject_and_Motion_Representation_Alignment_for_Customized_Video_Generation_CVPR_2026_paper.pdf,https://arxiv.org/abs/2512.12193,customized video generation; subject-motion representation alignment; object-level guidance; self-supervised encoder; optical flow encoder; LoRA fine-tuning; subject alignment; motion trajectories; sparse LoRA injection; controllable text-to-video generation,2026-06-06
PowerCLIP: Powerset Alignment for Contrastive Pre-Training,https://openaccess.thecvf.com/content/CVPR2026/papers/Kawamura_PowerCLIP_Powerset_Alignment_for_Contrastive_Pre-Training_CVPR_2026_paper.pdf,https://arxiv.org/abs/2511.23170,PowerCLIP; powerset alignment; contrastive pre-training; CLIP; vision-language pre-training; region-to-phrase alignment; textual parse trees; non-linear aggregators; compositional semantics; zero-shot classification,2026-06-06
Expanding mmWave Datasets for Human Pose Estimation with Unlabeled Data and LiDAR Datasets,https://openaccess.thecvf.com/content/CVPR2026/papers/Peng_Expanding_mmWave_Datasets_for_Human_Pose_Estimation_with_Unlabeled_Data_CVPR_2026_paper.pdf,https://arxiv.org/abs/2603.14507,mmWave datasets; human pose estimation; unlabeled mmWave data; LiDAR HPE datasets; point cloud attributes; pseudo-label estimator; closed-form LiDAR-to-mmWave converter; pseudo-labeled mmWave point clouds; dataset expansion; out-of-domain generalization,2026-06-06
Spectral Super-Resolution via Adversarial Unfolding and Data-Driven Spectrum Regularization: From Multispectral Satellite Data to NASA Hyperspectral Image,https://openaccess.thecvf.com/content/CVPR2026/papers/Young_Spectral_Super-Resolution_via_Adversarial_Unfolding_and_Data-Driven_Spectrum_Regularization_From_CVPR_2026_paper.pdf,https://arxiv.org/abs/2603.00920,spectral super-resolution; multispectral satellite data; hyperspectral image reconstruction; Sentinel-2; AVIRIS-NG; deep unfolding framework; data-driven spectrum prior; PriorNet; unfolding adversarial learning; UALNet,2026-06-06
Copy-Transform-Paste: Zero-Shot Object-Object Alignment Guided by Vision-Language and Geometric Constraints,https://openaccess.thecvf.com/content/CVPR2026/papers/Gatenyo_Copy-Transform-Paste_Zero-Shot_Object-Object_Alignment_Guided_by_Vision-Language_and_Geometric_Constraints_CVPR_2026_paper.pdf,,zero-shot 3D alignment; object-object alignment; mesh alignment; spatial relations; relative pose optimization; CLIP-driven gradients; differentiable renderer; soft Iterative Closest Point; penetration loss; scene assembly,2026-06-06
Generative Adversarial Perturbations with Cross-paradigm Transferability on Localized Crowd Counting,https://openaccess.thecvf.com/content/CVPR2026/papers/Anisha_Generative_Adversarial_Perturbations_with_Cross-paradigm_Transferability_on_Localized_Crowd_Counting_CVPR_2026_paper.pdf,https://arxiv.org/abs/2603.24821,localized crowd counting; adversarial perturbations; cross-paradigm transferability; density maps; point regression; adversarial attacks; multi-task loss optimization; logit suppression; density map suppression; perceptual constraints,2026-06-06
ProxyFL: A Proxy-Guided Framework for Federated Semi-Supervised Learning,https://openaccess.thecvf.com/content/CVPR2026/papers/Chen_ProxyFL_A_Proxy-Guided_Framework_for_Federated_Semi-Supervised_Learning_CVPR_2026_paper.pdf,https://arxiv.org/abs/2602.21078,Federated Semi-Supervised Learning; ProxyFL; data heterogeneity; external heterogeneity; internal heterogeneity; proxy-guided framework; global proxy optimization; classifier weights as proxy; positive-negative proxy pool; pseudo-label correction,2026-06-06
FedRG: Unleashing the Representation Geometry for Federated Learning with Noisy Clients,https://openaccess.thecvf.com/content/CVPR2026/papers/Wen_FedRG_Unleashing_the_Representation_Geometry_for_Federated_Learning_with_Noisy_CVPR_2026_paper.pdf,https://arxiv.org/abs/2603.19722,federated learning; noisy annotations; noisy clients; representation geometry; label-agnostic spherical representations; self-supervision; von Mises-Fisher mixture model; semantic clusters; semantic-label soft mapping; personalized noise absorption matrix,2026-06-06
MUFASA: A Multi-Layer Framework for Slot Attention,https://openaccess.thecvf.com/content/CVPR2026/papers/Bock_MUFASA_A_Multi-Layer_Framework_for_Slot_Attention_CVPR_2026_paper.pdf,,unsupervised object-centric learning; slot attention; MUFASA; vision transformer feature layers; unsupervised object segmentation; multi-layer slot fusion; object-centric representations; pre-trained ViT encoder; semantic feature aggregation; training convergence,2026-06-06
RAMEN: Resolution-Adjustable Multimodal Encoder for Earth Observation,https://openaccess.thecvf.com/content/CVPR2026/papers/Houdre_RAMEN_Resolution-Adjustable_Multimodal_Encoder_for_Earth_Observation_CVPR_2026_paper.pdf,,Earth observation; resolution-adjustable multimodal encoder; sensor-agnostic representation learning; heterogeneous EO modalities; unified latent space; controllable spatial resolution; masked multimodal EO reconstruction; unified transformer encoder; unseen sensor configurations; PANGAEA benchmark,2026-06-06
Designing to Forget: Deep Semi-parametric Models for Unlearning,https://openaccess.thecvf.com/content/CVPR2026/papers/Zheng_Designing_to_Forget_Deep_Semi-parametric_Models_for_Unlearning_CVPR_2026_paper.pdf,https://arxiv.org/abs/2603.22870,machine unlearning; deep semi-parametric models; non-parametric unlearning; test-time deletion; fusion module; sample deletion; image classification; image generation; ImageNet classification; efficient unlearning,2026-06-06
"Forecast the Principal, Stabilize the Residual: Subspace-Aware Feature Caching for Diffusion Transformers",https://openaccess.thecvf.com/content/CVPR2026/papers/Chen_Forecast_the_Principal_Stabilize_the_Residual_Subspace-Aware_Feature_Caching_for_CVPR_2026_paper.pdf,,Diffusion Transformers; feature caching; SVD-Cache; subspace-aware caching; principal subspace; residual subspace; Singular Value Decomposition; exponential moving average prediction; low-rank components; inference acceleration,2026-06-06
VENI: Variational Encoder for Natural Illumination,https://openaccess.thecvf.com/content/CVPR2026/papers/Walker_VENI_Variational_Encoder_for_Natural_Illumination_CVPR_2026_paper.pdf,https://arxiv.org/abs/2601.14079,inverse rendering; illumination priors; natural illumination; rotation-equivariant variational autoencoder; spherical environment maps; SO(2)-equivariance; Vector Neuron Vision Transformer; rotation-equivariant conditional neural field; SO(2)-equivariant fully connected layer; latent space interpolation,2026-06-06
MVGGT: Multimodal Visual Geometry Grounded Transformer for Multiview 3D Referring Expression Segmentation,https://openaccess.thecvf.com/content/CVPR2026/papers/Wu_MVGGT_Multimodal_Visual_Geometry_Grounded_Transformer_for_Multiview_3D_Referring_CVPR_2026_paper.pdf,https://arxiv.org/abs/2601.06874,Multiview 3D Referring Expression Segmentation; MV-3DRES; Multimodal Visual Geometry Grounded Transformer; sparse multi-view images; 3D referring expression segmentation; sparse-view geometric reasoning; Foreground Gradient Dilution; Per-view No-target Suppression Optimization; MVRefer benchmark; fast inference,2026-06-06
Next-Scale Autoregressive Models for Text-to-Motion Generation,https://openaccess.thecvf.com/content/CVPR2026/papers/Zheng_Next-Scale_Autoregressive_Models_for_Text-to-Motion_Generation_CVPR_2026_paper.pdf,https://arxiv.org/abs/2604.03799,text-to-motion generation; autoregressive models; next-scale prediction; hierarchical motion generation; coarse-to-fine temporal resolutions; cross-scale hierarchical refinement; in-scale temporal refinement; bidirectional re-prediction; long-range motion structure; zero-shot motion editing,2026-06-06
PointWorld: Scaling 3D World Models for In-The-Wild Robotic Manipulation,https://openaccess.thecvf.com/content/CVPR2026/papers/Huang_PointWorld_Scaling_3D_World_Models_for_In-The-Wild_Robotic_Manipulation_CVPR_2026_paper.pdf,https://arxiv.org/abs/2601.03782,3D world models; robotic manipulation; 3D point flows; RGB-D images; per-pixel 3D displacement forecasting; cross-embodiment learning; model-predictive control; in-the-wild manipulation; deformable object manipulation; articulated object manipulation,2026-06-06
TAG-MoE: Task-Aware Gating for Unified Generative Mixture-of-Experts,https://openaccess.thecvf.com/content/CVPR2026/papers/Xu_TAG-MoE_Task-Aware_Gating_for_Unified_Generative_Mixture-of-Experts_CVPR_2026_paper.pdf,https://arxiv.org/abs/2601.08881,Task-Aware Gating; unified image generation and editing; task interference; dense diffusion transformers; sparse Mixture-of-Experts; MoE routing; semantic intent; Hierarchical Task Semantic Annotation; Predictive Alignment Regularization; expert specialization,2026-06-06
MDCS-MoAME: Multi-directional Composite Scanning with Mixture of Attention and Mamba Experts for Cancer Survival Prediction,https://openaccess.thecvf.com/content/CVPR2026/papers/Qu_MDCS-MoAME_Multi-directional_Composite_Scanning_with_Mixture_of_Attention_and_Mamba_CVPR_2026_paper.pdf,,cancer survival prediction; multi-modal learning; whole slide images; genomic profiles; multi-directional composite scanning; Mamba encoder; mixture of experts; mixture of attention and Mamba experts; inter-modal correlations; alignment constraints,2026-06-06
GeoGuide: Hierarchical Geometric Guidance for Open-Vocabulary 3D Semantic Segmentation,https://openaccess.thecvf.com/content/CVPR2026/papers/Tao_GeoGuide_Hierarchical_Geometric_Guidance_for_Open-Vocabulary_3D_Semantic_Segmentation_CVPR_2026_paper.pdf,https://arxiv.org/abs/2603.26260,open-vocabulary 3D semantic segmentation; hierarchical geometry-semantic consistency; pretrained 3D models; Uncertainty-based Superpoint Distillation; superpoint feature fusion; per-point uncertainty estimation; Instance-level Mask Reconstruction; geometric priors; Inter-Instance Relation Consistency; viewpoint-induced semantic drift,2026-06-06
Volumetric Functional Maps,https://openaccess.thecvf.com/content/CVPR2026/papers/Maggioli_Volumetric_Functional_Maps_CVPR_2026_paper.pdf,https://arxiv.org/abs/2506.13212,volumetric correspondences; 3D shapes; spectral volume mapping; functional maps; volumetric Laplace operator; eigenfunctions; signal transfer; volume domains; segmentation transfer; shape matching,2026-06-06
Focus-to-Perceive Representation Learning: A Cognition-Inspired Hierarchical Framework for Endoscopic Video Analysis,https://openaccess.thecvf.com/content/CVPR2026/papers/Zhang_Focus-to-Perceive_Representation_Learning_A_Cognition-Inspired_Hierarchical_Framework_for_Endoscopic_Video_CVPR_2026_paper.pdf,https://arxiv.org/abs/2603.25778,endoscopic video analysis; Focus-to-Perceive Representation Learning; self-supervised video pre-training; lesion-centric regions; hierarchical semantic modeling; teacher-prior adaptive masking; multi-view sparse sampling; cross-view masked feature completion; attention-guided temporal prediction; endoscopic video representation learning,2026-06-06
DAGE: Dual-Stream Architecture for Efficient and Fine-Grained Geometry Estimation,https://openaccess.thecvf.com/content/CVPR2026/papers/Ngo_DAGE_Dual-Stream_Architecture_for_Efficient_and_Fine-Grained_Geometry_Estimation_CVPR_2026_paper.pdf,https://arxiv.org/abs/2603.03744,dual-stream transformer; geometry estimation; camera pose estimation; uncalibrated multi-view inputs; video geometry estimation; view-consistent representation; alternating frame/global attention; cross-attention fusion; sharp depth/pointmaps; multi-view reconstruction,2026-06-06
ORIC: Benchmarking Object Recognition under Contextual Incongruity in Large Vision-Language Models,https://openaccess.thecvf.com/content/CVPR2026/papers/Li_ORIC_Benchmarking_Object_Recognition_under_Contextual_Incongruity_in_Large_Vision-Language_CVPR_2026_paper.pdf,https://arxiv.org/abs/2509.15695,contextual incongruity; Object Recognition in Incongruous Context; ORIC-Bench; Large Vision-Language Models; object recognition; hallucination; LLM-guided sampling; CLIP-guided sampling; open-vocabulary detectors; Visual Reinforcement Fine-Tuning,2026-06-06
QD-PCQA: Quality-Aware Domain Adaptation for Point Cloud Quality Assessment,https://openaccess.thecvf.com/content/CVPR2026/papers/Zhang_QD-PCQA_Quality-Aware_Domain_Adaptation_for_Point_Cloud_Quality_Assessment_CVPR_2026_paper.pdf,https://arxiv.org/abs/2603.03726,No-Reference Point Cloud Quality Assessment; Unsupervised Domain Adaptation; Quality-aware Domain Adaptation; Human Visual System; perceptual quality assessment; Rank-weighted Conditional Alignment; quality ranking awareness; Quality-guided Feature Augmentation; quality-guided style mixup; cross-domain generalization,2026-06-06
Gradient Knows Best: Mixed-Precision Quantization via Gradient-Guided Bit Allocation for Super-Resolution,https://openaccess.thecvf.com/content/CVPR2026/papers/Kim_Gradient_Knows_Best_Mixed-Precision_Quantization_via_Gradient-Guided_Bit_Allocation_for_CVPR_2026_paper.pdf,,image super-resolution; mixed-precision quantization; post-training quantization; gradient-guided bit allocation; quantization sensitivity estimation; layer-wise bit-width allocation; dynamic activation range normalization; batch normalization removal; fixed quantization ranges; EDSR quantization,2026-06-06
Pixels Don't Lie (But Your Detector Might): Bootstrapping MLLM-as-a-Judge for Trustworthy Deepfake Detection and Reasoning Supervision,https://openaccess.thecvf.com/content/CVPR2026/papers/Kuckreja_Pixels_Dont_Lie_But_Your_Detector_Might_Bootstrapping_MLLM-as-a-Judge_for_CVPR_2026_paper.pdf,,DeepfakeJudge; deepfake detection; reasoning supervision; reasoning fidelity; MLLM-as-a-Judge; visual evidence grounding; bootstrapped generator-evaluator process; human-annotated visual reasoning labels; pointwise and pairwise evaluation; interpretable deepfake reasoning,2026-06-06
VS-Bench: Evaluating VLMs for Strategic Abilities in Multi-Agent Environments,https://openaccess.thecvf.com/content/CVPR2026/papers/Xu_VS-Bench_Evaluating_VLMs_for_Strategic_Abilities_in_Multi-Agent_Environments_CVPR_2026_paper.pdf,https://arxiv.org/abs/2506.02387,Vision Language Models; VS-Bench; Visual Strategic Bench; strategic abilities; multi-agent environments; multimodal benchmark; vision-grounded environments; strategic reasoning; next-action prediction; decision-making,2026-06-06
Missing No More: Dictionary-Guided Cross-Modal Image Fusion under Missing Infrared,https://openaccess.thecvf.com/content/CVPR2026/papers/Zhang_Missing_No_More_Dictionary-Guided_Cross-Modal_Image_Fusion_under_Missing_Infrared_CVPR_2026_paper.pdf,https://arxiv.org/abs/2603.08018,missing-IR fusion; infrared-visible image fusion; shared convolutional dictionary; coefficient-domain inference; dictionary-guided image fusion; Joint Shared-dictionary Representation Learning; VIS-Guided IR Inference; pseudo-IR coefficients; Adaptive Fusion via Representation Inference; window attention,2026-06-06
Hyperbolic Defect Feature Synthesis for Few-Shot Defect Classification,https://openaccess.thecvf.com/content/CVPR2026/papers/Li_Hyperbolic_Defect_Feature_Synthesis_for_Few-Shot_Defect_Classification_CVPR_2026_paper.pdf,,few-shot defect classification; defect synthesis; hyperbolic defect feature synthesis; hyperbolic space; defect feature synthesis; hyperbolic defect prototypes; hierarchical defect contrastive loss; generalized defect representation; MVTec-FS benchmark; MTD dataset,2026-06-06
HVG-3D: Bridging Real and Simulation Domains for 3D-Conditional Hand-Object Interaction Video Synthesis,https://openaccess.thecvf.com/content/CVPR2026/papers/Chen_HVG-3D_Bridging_Real_and_Simulation_Domains_for_3D-Conditional_Hand-Object_Interaction_CVPR_2026_paper.pdf,https://arxiv.org/abs/2604.03305,hand-object interaction video synthesis; 3D-conditional video synthesis; 3D-aware diffusion architecture; 3D ControlNet; explicit 3D representations; geometric and motion cues; real-to-simulation domain bridging; temporal coherence; spatial controllability; TASTE-Rob dataset,2026-06-06
Qwen-Image-Layered: Towards Inherent Editability via Layer Decomposition,https://openaccess.thecvf.com/content/CVPR2026/papers/Yin_Qwen-Image-Layered_Towards_Inherent_Editability_via_Layer_Decomposition_CVPR_2026_paper.pdf,https://arxiv.org/abs/2512.15603,layer decomposition; semantically disentangled RGBA layers; inherent editability; diffusion model; variable-length decomposition; RGBA-VAE; Variable Layers Decomposition MMDiT; multi-stage training; multilayer image decomposer; Photoshop document annotation,2026-06-06
Dictionary-Aligned Concept Control for Safeguarding Multimodal LLMs,https://openaccess.thecvf.com/content/CVPR2026/papers/Luo_Dictionary-Aligned_Concept_Control_for_Safeguarding_Multimodal_LLMs_CVPR_2026_paper.pdf,https://arxiv.org/abs/2604.08846,Dictionary-Aligned Concept Control; multimodal LLM safety; activation steering; Sparse Autoencoder; curated concept dictionary; sparse coding; DACO-400K; multimodal concept directions; SAE atom annotation; safety benchmarks,2026-06-06
Bridging Facial Understanding and Animation via Language Models,https://openaccess.thecvf.com/content/CVPR2026/papers/Song_Bridging_Facial_Understanding_and_Animation_via_Language_Models_CVPR_2026_paper.pdf,https://arxiv.org/abs/2603.16936,text-conditioned facial animation; facial motion understanding; 3D facial parameters; Motion2Language; Language2Motion; quantized motion tokens; text-paired facial corpora; foundation generative models; facial behavior synthesis; language models,2026-06-06
ProactiveMobile: A Comprehensive Benchmark for Boosting Proactive Intelligence On Mobile Devices,https://openaccess.thecvf.com/content/CVPR2026/papers/Kong_ProactiveMobile_A_Comprehensive_Benchmark_for_Boosting_Proactive_Intelligence_On_Mobile_CVPR_2026_paper.pdf,https://arxiv.org/abs/2602.21858,ProactiveMobile; proactive intelligence; mobile agents; multimodal large language models; latent user intent inference; on-device contextual signals; executable function sequences; mobile agent benchmark; multi-answer annotations; proactivity evaluation,2026-06-06
Thinking-while-Generating: Interleaving Textual Reasoning throughout Visual Generation,https://openaccess.thecvf.com/content/CVPR2026/papers/Guo_Thinking-while-Generating_Interleaving_Textual_Reasoning_throughout_Visual_Generation_CVPR_2026_paper.pdf,https://arxiv.org/abs/2511.16671,Thinking-while-Generating; interleaved textual reasoning; visual generation; multimodal interaction; co-evolving reasoning; context-aware visual outputs; zero-shot prompting; supervised fine-tuning; TwiG-50K dataset; TwiG-GRPO,2026-06-06
RAG-TP: A General Framework for Vehicle Trajectory Prediction via Retrieval-Augmented Generation,https://openaccess.thecvf.com/content/CVPR2026/papers/Wang_RAG-TP_A_General_Framework_for_Vehicle_Trajectory_Prediction_via_Retrieval-Augmented_CVPR_2026_paper.pdf,,vehicle trajectory prediction; retrieval-augmented generation; autonomous driving; heterogeneous knowledge base; scene topologies; motion patterns; Retrieval-Driven Mixture-of-Experts; cross-attention fusion; multi-modal trajectory decoding; zero-shot generalization,2026-06-06
Beyond Appearance: Camouflaged Object Detection via Geometric Structure,https://openaccess.thecvf.com/content/CVPR2026/papers/Han_Beyond_Appearance_Camouflaged_Object_Detection_via_Geometric_Structure_CVPR_2026_paper.pdf,,camouflaged object detection; depth priors; geometric structure; monocular depth estimation; task misalignment; Depth Segment Anything Model; Sparse Mixture-of-Experts Adapter; Geometric–Semantic Fusion Module; geometric-semantic fusion; camouflaged object segmentation,2026-06-06
ShapeR: Robust Conditional 3D Shape Generation from Casual Captures,https://openaccess.thecvf.com/content/CVPR2026/papers/Siddiqui_ShapeR_Robust_Conditional_3D_Shape_Generation_from_Casual_Captures_CVPR_2026_paper.pdf,https://arxiv.org/abs/2601.11514,conditional 3D shape generation; casual captures; visual-inertial SLAM; sparse SLAM points; posed multi-view images; vision-language model captions; rectified flow transformer; compositional augmentations; curriculum training; in-the-wild 3D object benchmark,2026-06-06
Exploring Conditions for Diffusion Models in Robotic Control,https://openaccess.thecvf.com/content/CVPR2026/papers/Shin_Exploring_Conditions_for_Diffusion_Models_in_Robotic_Control_CVPR_2026_paper.pdf,https://arxiv.org/abs/2510.15510,text-to-image diffusion models; robotic control; imitation learning; task-adaptive visual representations; textual conditions; domain gap; learnable task prompts; visual prompts; frame-specific details; robotic control benchmarks,2026-06-06
Learning What Matters: Prioritized Concept Learning via Relative Error-driven Sample Selection,https://openaccess.thecvf.com/content/CVPR2026/papers/Yang_Learning_What_Matters_Prioritized_Concept_Learning_via_Relative_Error-driven_Sample_CVPR_2026_paper.pdf,,instruction tuning; vision-language models; prioritized concept learning; relative error-driven sample selection; PROGRESS; dynamic sample selection; learning progress tracking; skill acquisition; data-efficient training; cross-architecture generalization,2026-06-06
Learning to Focus and Precise Cropping:A Reinforcement Learning Framework with Information Gaps and Grounding Loss for MLLMs,https://openaccess.thecvf.com/content/CVPR2026/papers/Zhao_Learning_to_Focus_and_Precise_CroppingA_Reinforcement_Learning_Framework_with_CVPR_2026_paper.pdf,https://arxiv.org/abs/2603.27494,multimodal large language models; image cropping tool; reinforcement learning framework; Information Gap mechanism; grounding loss; cropped key regions; bounding box annotations; high-resolution visual question answering; fine-grained visual reasoning; agent-based workflows,2026-06-06
SeaCache: Spectral-Evolution-Aware Cache for Accelerating Diffusion Models,https://openaccess.thecvf.com/content/CVPR2026/papers/Chung_SeaCache_Spectral-Evolution-Aware_Cache_for_Accelerating_Diffusion_Models_CVPR_2026_paper.pdf,https://arxiv.org/abs/2602.18993,diffusion models; visual generation; sequential denoising; cache schedule; feature reuse; spectral evolution; Spectral-Evolution-Aware Cache; SEA filter; dynamic caching schedules; latency-quality trade-offs,2026-06-06
VideoRealBench: A Chain-of-Thought Realism Evaluation Benchmark for Generated Human-Centric Videos,https://openaccess.thecvf.com/content/CVPR2026/papers/Yang_VideoRealBench_A_Chain-of-Thought_Realism_Evaluation_Benchmark_for_Generated_Human-Centric_Videos_CVPR_2026_paper.pdf,,generated human-centric videos; video realism evaluation; VideoRealBench; chain-of-thought reasoning; human preference alignment; VideoRealDataset; VideoRealEval; rating scale; three-step rationales; video generation models,2026-06-06
gQIR: Generative Quanta Image Reconstruction,https://openaccess.thecvf.com/content/CVPR2026/papers/Garg_gQIR_Generative_Quanta_Image_Reconstruction_CVPR_2026_paper.pdf,https://arxiv.org/abs/2602.20417,quanta image reconstruction; SPAD sensors; photon-limited imaging; quanta burst imaging; latent diffusion models; Bernoulli photon statistics; latent-space restoration; spatio-temporal reasoning; color SPAD burst dataset; Deforming XD video benchmark,2026-06-06
MatSpray: Fusing 2D Material World Knowledge on 3D Geometry,https://openaccess.thecvf.com/content/CVPR2026/papers/Langsteiner_MatSpray_Fusing_2D_Material_World_Knowledge_on_3D_Geometry_CVPR_2026_paper.pdf,https://arxiv.org/abs/2512.18314,3D Gaussian Splatting; PBR material properties; spatially varying material parameters; 2D material maps; albedo; roughness; metallicity; Gaussian ray tracing; neural refinement; relightable photorealistic rendering,2026-06-06
ViRC: Enhancing Visual Interleaved Mathematical CoT with Reason Chunking,https://openaccess.thecvf.com/content/CVPR2026/papers/Wang_ViRC_Enhancing_Visual_Interleaved_Mathematical_CoT_with_Reason_Chunking_CVPR_2026_paper.pdf,https://arxiv.org/abs/2512.14654,multimodal mathematical reasoning; visual interleaved Chain-of-Thought; Reason Chunking; Critical Reasoning Units; multimodal mathematical CoT; intermediate proposition verification; CRUX dataset; progressive training strategy; Instructional SFT; Strategic RL,2026-06-06
UniTEX: Universal High Fidelity Generative Texturing for 3D Shapes,https://openaccess.thecvf.com/content/CVPR2026/papers/Liang_UniTEX_Universal_High_Fidelity_Generative_Texturing_for_3D_Shapes_CVPR_2026_paper.pdf,https://arxiv.org/abs/2505.23253,3D texture generation; generative texturing; 3D assets; UV-based inpainting; topological ambiguity; unified 3D functional space; Texture Functions; Large Texturing Model; Diffusion Transformers; multi-view texture synthesis,2026-06-06
ARM-Thinker: Reinforcing Multimodal Generative Reward Models with Agentic Tool Use and Visual Reasoning,https://openaccess.thecvf.com/content/CVPR2026/papers/Ding_ARM-Thinker_Reinforcing_Multimodal_Generative_Reward_Models_with_Agentic_Tool_Use_CVPR_2026_paper.pdf,https://arxiv.org/abs/2512.05111,agentic multimodal reward models; vision-language alignment; tool use for verification; visual reasoning; fine-grained visual grounding; multi-page document understanding; multi-stage reinforcement learning; ARMBench-VL; multimodal reasoning; instruction following,2026-06-06
InTrain: Intrinsic Trainability for Zero-Cost Neural Architecture Search,https://openaccess.thecvf.com/content/CVPR2026/papers/Zhou_InTrain_Intrinsic_Trainability_for_Zero-Cost_Neural_Architecture_Search_CVPR_2026_paper.pdf,,zero-cost neural architecture search; Intrinsic Trainability; training-free NAS; geometric capacity; optimization resilience; participation ratio; activation covariance eigenspectrum; representation manifolds; cumulative gradient health; backpropagation robustness,2026-06-06
Contrastive Cross-Bag Augmentation for Multiple Instance Learning-based Whole Slide Image Classification,https://openaccess.thecvf.com/content/CVPR2026/papers/Zhang_Contrastive_Cross-Bag_Augmentation_for_Multiple_Instance_Learning-based_Whole_Slide_Image_CVPR_2026_paper.pdf,https://arxiv.org/abs/2508.03081,Multiple Instance Learning; Whole Slide Image classification; pseudo-bag augmentation; Contrastive Cross-Bag Augmentation; C2Aug; cross-bag instance sampling; critical instances; tumor instances; bag-level contrastive learning; group-level contrastive learning,2026-06-06
Cluster-aware Anchor Learning for Multi-View Clustering,https://openaccess.thecvf.com/content/CVPR2026/papers/Chen_Cluster-aware_Anchor_Learning_for_Multi-View_Clustering_CVPR_2026_paper.pdf,,anchor-based multi-view clustering; Cluster-aware Anchor Learning; adaptive per-cluster anchor allocation; consensus anchor matrix; cluster-specific anchor groups; ℓ2; 1-norm column-sparsity penalty; cluster-discriminative features; inter-cluster regularization; discriminative representation matrix,2026-06-06
Learning from Synthetic Data via Provenance-Based Input Gradient Guidance,https://openaccess.thecvf.com/content/CVPR2026/papers/Nagano_Learning_from_Synthetic_Data_via_Provenance-Based_Input_Gradient_Guidance_CVPR_2026_paper.pdf,https://arxiv.org/abs/2604.02946,synthetic data; provenance information; input gradient guidance; synthesis biases; target object regions; non-target region gradient suppression; discriminative representations; weakly supervised object localization; spatio-temporal action localization; image classification,2026-06-06
MAGICIAN: Efficient Long-Term Planning with Imagined Gaussians for Active Mapping,https://openaccess.thecvf.com/content/CVPR2026/papers/Li_MAGICIAN_Efficient_Long-Term_Planning_with_Imagined_Gaussians_for_Active_Mapping_CVPR_2026_paper.pdf,https://arxiv.org/abs/2603.22650,active mapping; long-term planning; Imagined Gaussians; 3D Gaussian Splatting; surface coverage gain; occupancy network; structural priors; volumetric rendering; tree-search algorithm; novel viewpoint,2026-06-06
Fast3Dcache: Training-free 3D Geometry Synthesis Acceleration,https://openaccess.thecvf.com/content/CVPR2026/papers/Yang_Fast3Dcache_Training-free_3D_Geometry_Synthesis_Acceleration_CVPR_2026_paper.pdf,https://arxiv.org/abs/2511.22533,3D geometry synthesis; 3D diffusion models; training-free acceleration; geometry-aware caching; diffusion inference; Predictive Caching Scheduler Constraint; voxel stabilization patterns; Spatiotemporal Stability Criterion; cached latent features; geometric fidelity,2026-06-06
Fast Markov Random Field Optimisation for Topologically Noisy 3D Shape Matching,https://openaccess.thecvf.com/content/CVPR2026/papers/Roetzer_Fast_Markov_Random_Field_Optimisation_for_Topologically_Noisy_3D_Shape_CVPR_2026_paper.pdf,,non-rigid 3D shape matching; topological noise; Markov Random Fields; MRF optimisation; alpha expansion algorithm; multi-labelling problem; pairwise term; triangle-to-surface matching; label space structure; topological artefacts,2026-06-06
MorphSeek: Fine-grained Latent Representation-Level Policy Optimization for Deformable Image Registration,https://openaccess.thecvf.com/content/CVPR2026/papers/Zhang_MorphSeek_Fine-grained_Latent_Representation-Level_Policy_Optimization_for_Deformable_Image_Registration_CVPR_2026_paper.pdf,https://arxiv.org/abs/2511.17392,deformable image registration; medical image analysis; dense displacement fields; representation-level policy optimization; latent feature space; stochastic Gaussian policy head; coarse-to-fine refinement; Group Relative Policy Optimization; 3D registration benchmarks; visual alignment,2026-06-06
DVAR: Dynamic Visual Autoregressive Modeling for Image Super-Resolution,https://openaccess.thecvf.com/content/CVPR2026/papers/Zheng_DVAR_Dynamic_Visual_Autoregressive_Modeling_for_Image_Super-Resolution_CVPR_2026_paper.pdf,,Dynamic Visual Autoregressive modeling; image super-resolution; next-scale prediction; size-flexible VAR models; canonical scaling dynamic; dynamic sampling scheduler; teacher-forcing problem; visual token codebook; training-inference gap; Real-ISR,2026-06-06
3DrawAgent: Teaching LLM to Draw in 3D with Early Contrastive Experience,https://openaccess.thecvf.com/content/CVPR2026/papers/Xiao_3DrawAgent_Teaching_LLM_to_Draw_in_3D_with_Early_Contrastive_CVPR_2026_paper.pdf,https://arxiv.org/abs/2604.08042,3DrawAgent; 3D sketch generation; language-driven 3D drawing; large language models; 3D Bezier curves; geometric feedback; relative experience optimization; Group Reward Policy Optimization; CLIP-based perceptual rewards; training-free 3D sketch intelligence,2026-06-06
GaussianGrow: Geometry-aware Gaussian Growing from 3D Point Clouds with Text Guidance,https://openaccess.thecvf.com/content/CVPR2026/papers/Zhang_GaussianGrow_Geometry-aware_Gaussian_Growing_from_3D_Point_Clouds_with_Text_CVPR_2026_paper.pdf,https://arxiv.org/abs/2604.05721,3D Gaussian Splatting; GaussianGrow; 3D Gaussian generation; 3D point clouds; text-guided Gaussian growing; geometric priors; multi-view diffusion model; novel view synthesis; camera pose detection; 2D diffusion inpainting,2026-06-06
REVIVE 3D: Refinement via Encoded Voluminous Inflated prior for Volume Enhancement,https://openaccess.thecvf.com/content/CVPR2026/papers/Lee_REVIVE_3D_Refinement_via_Encoded_Voluminous_Inflated_prior_for_Volume_CVPR_2026_paper.pdf,https://arxiv.org/abs/2604.27504,voluminous 3D asset generation; flat image to 3D; REVIVE 3D; Inflated Prior; foreground silhouette inflation; part-aware details; 3D Latent Refinement; image-conditioned 3D editing; Compactness; Normal Anisotropy,2026-06-06
GazeShift: Unsupervised Gaze Estimation and Dataset for VR,https://openaccess.thecvf.com/content/CVPR2026/papers/Shapira_GazeShift_Unsupervised_Gaze_Estimation_and_Dataset_for_VR_CVPR_2026_paper.pdf,https://arxiv.org/abs/2603.07832,VR gaze estimation; VRGaze dataset; off-axis gaze estimation; near-eye infrared images; unsupervised gaze representation learning; attention-guided framework; gaze-appearance disentanglement; few-shot calibration; real-time gaze tracking; person-agnostic gaze estimation,2026-06-06
Layered 4D-Rotor Gaussian Splatting: A Compressed Representation for Long Dynamic Scenes,https://openaccess.thecvf.com/content/CVPR2026/papers/Xu_Layered_4D-Rotor_Gaussian_Splatting_A_Compressed_Representation_for_Long_Dynamic_CVPR_2026_paper.pdf,,Layered 4D-Rotor Gaussian Splatting; long dynamic scenes; 4D Gaussians; Gaussian Splatting; compressed representation; layered 4D representation; temporal buckets; Factorized Covariance Quantization; Residual Codebook Quantization; real-time rendering,2026-06-06
First Logit Boosting: Visual Grounding Method to Mitigate Object Hallucination in Large Vision-Language Models,https://openaccess.thecvf.com/content/CVPR2026/papers/Ha_First_Logit_Boosting_Visual_Grounding_Method_to_Mitigate_Object_Hallucination_CVPR_2026_paper.pdf,https://arxiv.org/abs/2604.00455,First Logit Boosting; object hallucination; Large Vision-Language Models; visual grounding; training-free decoding; Contrastive Decoding; long-term decay; logit boosting; language priors; multimodal generation,2026-06-06
Gravitation-Driven Semantic Alignment for Text Video Retrieval,https://openaccess.thecvf.com/content/CVPR2026/papers/Yang_Gravitation-Driven_Semantic_Alignment_for_Text_Video_Retrieval_CVPR_2026_paper.pdf,,text-video retrieval; many-to-many semantic ambiguity; probabilistic embeddings; hard negatives; cross-modal semantic distributions; GraviAlign; Semantic Attraction; uncertainty-derived semantic mass; Geometric Overlap; gravitational alignment,2026-06-06
OmniGround: A Comprehensive Spatio-Temporal Grounding Benchmark for Real-World Complex Scenarios,https://openaccess.thecvf.com/content/CVPR2026/papers/Gao_OmniGround_A_Comprehensive_Spatio-Temporal_Grounding_Benchmark_for_Real-World_Complex_Scenarios_CVPR_2026_paper.pdf,https://arxiv.org/abs/2511.16937,Spatio-Temporal Video Grounding; OmniGround benchmark; Multimodal Large Language Models; category bias; linguistic robustness; Forward-Backward-Refinement annotation; multi-directional tracking; DeepSTG evaluation framework; small/occluded objects; PG-TAF framework,2026-06-06
Draft and Refine with Visual Experts,https://openaccess.thecvf.com/content/CVPR2026/papers/Jeong_Draft_and_Refine_with_Visual_Experts_CVPR_2026_paper.pdf,https://arxiv.org/abs/2511.11005,Large Vision-Language Models; multimodal reasoning; visual grounding; hallucinated responses; Draft and Refine; question-conditioned utilization metric; query-conditioned relevance map; relevance-guided probabilistic masking; external visual experts; VQA and captioning benchmarks,2026-06-06
Seeing is Improving: Visual Feedback for Iterative Text Layout Refinement,https://openaccess.thecvf.com/content/CVPR2026/papers/Guo_Seeing_is_Improving_Visual_Feedback_for_Iterative_Text_Layout_Refinement_CVPR_2026_paper.pdf,https://arxiv.org/abs/2603.22187,visual feedback layout model; iterative text layout refinement; multimodal large language models; structured layout generation; code-only layout generation; adaptive reflective generation; reinforcement learning; visually grounded reward model; OCR accuracy; design-oriented MLLMs,2026-06-06
Prototype-Guided Concept Erasure in Diffusion Models,https://openaccess.thecvf.com/content/CVPR2026/papers/Cai_Prototype-Guided_Concept_Erasure_in_Diffusion_Models_CVPR_2026_paper.pdf,https://arxiv.org/abs/2603.08271,concept erasure; diffusion models; text-to-image models; broad concept removal; intrinsic embedding geometry; latent embeddings; concept prototypes; negative conditioning; safe image generation; controllable image generation,2026-06-06
UETrack: A Unified and Efficient Framework for Single Object Tracking,https://openaccess.thecvf.com/content/CVPR2026/papers/Kang_UETrack_A_Unified_and_Efficient_Framework_for_Single_Object_Tracking_CVPR_2026_paper.pdf,https://arxiv.org/abs/2603.01412,single object tracking; efficient multi-modal tracking; RGB-D-T-event-language modalities; Token-Pooling-based Mixture-of-Experts; feature aggregation; expert specialization; Target-aware Adaptive Distillation; speed-accuracy trade-off; resource-constrained deployment; LaSOT benchmark,2026-06-06
"More Natural, More Real: Object-aware Gaussian Splatting for 3D Visual Decoding from Human Brain",https://openaccess.thecvf.com/content/CVPR2026/papers/Jing_More_Natural_More_Real_Object-aware_Gaussian_Splatting_for_3D_Visual_CVPR_2026_paper.pdf,,3D visual decoding; human brain; 3D Gaussian Splatting; BrainGS; Brain-3D datasets; fMRI/EEG; Fusion Time-Spatial Network; Multi-Attribute Controller; Multi-View Stabilizer; stereoscopic view synthesis,2026-06-06
HSI-GPT2: A Dual-Granularity Large Motion Reasoning Model with Diffusion Refinement for Human-Scene Interaction,https://openaccess.thecvf.com/content/CVPR2026/papers/Wang_HSI-GPT2_A_Dual-Granularity_Large_Motion_Reasoning_Model_with_Diffusion_Refinement_CVPR_2026_paper.pdf,,human-scene interaction; dual-granularity motion tokenizer; Scene-Motion-Language model; motion diffusion decoder; motion detokenizer; Chain-of-Thought motion reasoning; reinforcement learning; Group Relative Policy Optimization; Motion Chain-of-Thought data engine; 3D scene generalization,2026-06-06
Streamlined Knowledge Distillation,https://openaccess.thecvf.com/content/CVPR2026/papers/Jeong_Streamlined_Knowledge_Distillation_CVPR_2026_paper.pdf,,logit-based Knowledge Distillation; Streamlined Knowledge Distillation; multi-knowledge alignment; relational modeling; instance-wise knowledge; Kullback-Leibler divergence; Gramian matrix of normalized logits; Mahalanobis distance-based direction-wise loss; Tikhonov regularization; Cholesky decomposition,2026-06-06
Closed-Form Concept Erasure via Double Projections,https://openaccess.thecvf.com/content/CVPR2026/papers/Zhang_Closed-Form_Concept_Erasure_via_Double_Projections_CVPR_2026_paper.pdf,https://arxiv.org/abs/2604.10032,concept erasure; diffusion-based architectures; linear transformation framework; closed-form projections; proxy projection; left null space; model representations; Stable Diffusion variants; flow-matching model; controlled model editing,2026-06-06
Prototype-based Causal Intervention for Multi-Label Image Classification,https://openaccess.thecvf.com/content/CVPR2026/papers/Li_Prototype-based_Causal_Intervention_for_Multi-Label_Image_Classification_CVPR_2026_paper.pdf,,multi-label image classification; spurious correlations; prototype-based causal intervention; backdoor adjustment; image-level supervision; learnable contextual prototypes; class-wise co-occurring bias; stable memory; sample-specific bias vectors; adaptive feature adjustment,2026-06-06
Real2Sim2Real: RetinalDepth-64K for Depth Estimation in Posterior Segment Ophthalmic Surgery,https://openaccess.thecvf.com/content/CVPR2026/papers/Dong_Real2Sim2Real_RetinalDepth-64K_for_Depth_Estimation_in_Posterior_Segment_Ophthalmic_Surgery_CVPR_2026_paper.pdf,,RetinalDepth; depth estimation; posterior segment ophthalmic surgery; synthetic stereo dataset; Real2Sim2Real pipeline; temporal stereo image pairs; pixel-perfect depth maps; instrument segmentation masks; temporal depth variance; sim-to-real gap,2026-06-06
Learning 3D Shape Fidelity Metric from Real-world Distortions,https://openaccess.thecvf.com/content/CVPR2026/papers/Feng_Learning_3D_Shape_Fidelity_Metric_from_Real-world_Distortions_CVPR_2026_paper.pdf,,3D shape fidelity metric; human-aligned fidelity metric; real-world 3D distortions; local shape connectivity; local attention mechanism; Real Shape Fidelity dataset; Local-Connection-based Shape Evaluation; PointNet backbone; Low-Rank Adaptation pretraining; perceptual fidelity,2026-06-06
WHU-MARS: A Multispectral Aerial-Ground Benchmark Towards Any-Scenario Person Re-Identification,https://openaccess.thecvf.com/content/CVPR2026/papers/Zhao_WHU-MARS_A_Multispectral_Aerial-Ground_Benchmark_Towards_Any-Scenario_Person_Re-Identification_CVPR_2026_paper.pdf,,Any-Scenario ReID; person re-identification; multispectral aerial-ground benchmark; heterogeneous gallery retrieval; RGB near-infrared thermal infrared; UAV-ground platforms; WHU-MARS; Unified Alignment and Discrimination; Progressive Center Alignment; Global Prototype Discrimination,2026-06-06
SAGE: Scalable Agentic 3D Scene Generation for Embodied AI,https://openaccess.thecvf.com/content/CVPR2026/papers/Xia_SAGE_Scalable_Agentic_3D_Scene_Generation_for_Embodied_AI_CVPR_2026_paper.pdf,https://arxiv.org/abs/2602.10116,agentic 3D scene generation; embodied AI; simulation-ready environments; layout generation; object composition; semantic plausibility critics; visual realism evaluation; physical stability; adaptive tool selection; policy training,2026-06-06
OMGTex: One-stage Multi-style Facial Texture Reconstruction without Geometry Guidance,https://openaccess.thecvf.com/content/CVPR2026/papers/Xiao_OMGTex_One-stage_Multi-style_Facial_Texture_Reconstruction_without_Geometry_Guidance_CVPR_2026_paper.pdf,,facial texture reconstruction; UV textures; diffusion-based framework; geometry-free inference; 3D geometry priors; gradient-guided refinement; UV misalignment; semantic-aware editing; multi-style texture reconstruction; CANVAS dataset,2026-06-06
Can You Learn to See Without Images? Procedural Warm-Up for Vision Transformers,https://openaccess.thecvf.com/content/CVPR2026/papers/Shinnick_Can_You_Learn_to_See_Without_Images_Procedural_Warm-Up_for_CVPR_2026_paper.pdf,https://arxiv.org/abs/2511.13945,Vision Transformers; procedural pretraining; procedurally generated data; formal grammars; visual patch embedding bypass; abstract computational priors; data-efficient training; domain-agnostic pretraining; ImageNet-1K; convergence speed,2026-06-06
LagerNVS: Latent Geometry for Fully Neural Real-time Novel View Synthesis,https://openaccess.thecvf.com/content/CVPR2026/papers/Szymanowicz_LagerNVS_Latent_Geometry_for_Fully_Neural_Real-time_Novel_View_Synthesis_CVPR_2026_paper.pdf,https://arxiv.org/abs/2603.20176,Novel View Synthesis; latent geometry; 3D-aware latent features; 3D inductive biases; encoder-decoder neural network; 3D reconstruction network; feed-forward Novel View Synthesis; photometric losses; real-time rendering; diffusion decoder,2026-06-06
Linear Image Generation by Synthesizing Exposure Brackets,https://openaccess.thecvf.com/content/CVPR2026/papers/Dai_Linear_Image_Generation_by_Synthesizing_Exposure_Brackets_CVPR_2026_paper.pdf,https://arxiv.org/abs/2604.21008,text-to-linear-image generation; exposure bracket synthesis; scene-referred linear images; RAW image processing; camera response curve correction; high dynamic range; latent diffusion VAEs; DiT-based flow matching; text-guided linear image editing; ControlNet structure-conditioned generation,2026-06-06
Part$^{2}$GS: Part-aware Modeling of Articulated Objects using 3D Gaussian Splatting,https://openaccess.thecvf.com/content/CVPR2026/papers/Yu_Part2GS_Part-aware_Modeling_of_Articulated_Objects_using_3D_Gaussian_Splatting_CVPR_2026_paper.pdf,https://arxiv.org/abs/2506.17212,Part-aware 3D Gaussian Splatting; articulated objects; articulated digital twins; multi-part object modeling; part-aware 3D Gaussian representation; disentangled transformations; motion-aware canonical representation; physics-based constraints; repel points; collision prevention,2026-06-06
Stake the Points: Structure-Faithful Instance Unlearning,https://openaccess.thecvf.com/content/CVPR2026/papers/Hong_Stake_the_Points_Structure-Faithful_Instance_Unlearning_CVPR_2026_paper.pdf,https://arxiv.org/abs/2603.12915,machine unlearning; instance unlearning; structure-faithful unlearning; semantic anchors; knowledge structure preservation; language-driven attribute descriptions; CLIP semantic encoder; structure-aware alignment; structure-critical parameter regularization; deletion-retention trade-off,2026-06-06
Phantom: Physical Object Interactions as Dynamic Triggers for NMS-Exploited Backdoors,https://openaccess.thecvf.com/content/CVPR2026/papers/Huo_Phantom_Physical_Object_Interactions_as_Dynamic_Triggers_for_NMS-Exploited_Backdoors_CVPR_2026_paper.pdf,,backdoor attacks; object detection models; dynamic object interactions; Non-Maximum Suppression hijacking; NMS-exploited backdoors; physical trigger attacks; misclassification; mislocalization; object appearance/disappearance; backdoor defense mechanisms,2026-06-06
Evolutionary Multimodal Reasoning via Hierarchical Semantic Representation for Intent Recognition,https://openaccess.thecvf.com/content/CVPR2026/papers/Zhou_Evolutionary_Multimodal_Reasoning_via_Hierarchical_Semantic_Representation_for_Intent_Recognition_CVPR_2026_paper.pdf,https://arxiv.org/abs/2603.03827,multimodal intent recognition; hierarchical semantic representation; evolutionary reasoning; Multimodal Large Language Model; modality-specific tokens; label-guided clustering; mid-level semantic concepts; inter-concept relations; JS divergence scores; CoT-driven prompting,2026-06-06
Degradation-Consistent Test-Time Adaptation for All-in-One Image Restoration,https://openaccess.thecvf.com/content/CVPR2026/papers/Tang_Degradation-Consistent_Test-Time_Adaptation_for_All-in-One_Image_Restoration_CVPR_2026_paper.pdf,,all-in-one image restoration; test-time adaptation; unseen degradation distributions; Degradation-Consistent Test-Time Adaptation; test-time redegradation generation; diffusion-based generator; pseudo degraded-clean pairs; degradation-guided image restoration; self-supervised consistency loss; test-time important parameter selection,2026-06-06
One-to-More: High-Fidelity Training-Free Anomaly Generation with Attention Control,https://openaccess.thecvf.com/content/CVPR2026/papers/Rao_One-to-More_High-Fidelity_Training-Free_Anomaly_Generation_with_Attention_Control_CVPR_2026_paper.pdf,https://arxiv.org/abs/2603.18093,training-free anomaly generation; few-shot anomaly synthesis; industrial anomaly detection; O2MAG; self-attention grafting; diffusion processes; anomaly mask; text-guided anomalies; Anomaly-Guided Optimization; Dual-Attention Enhancement,2026-06-06
MARIS: Marine Open-Vocabulary Instance Segmentation,https://openaccess.thecvf.com/content/CVPR2026/papers/Li_MARIS_Marine_Open-Vocabulary_Instance_Segmentation_CVPR_2026_paper.pdf,https://arxiv.org/abs/2510.15398,underwater instance segmentation; open-vocabulary segmentation; MARIS benchmark; marine categories; unseen category recognition; visual degradation; color attenuation; semantic misalignment; Geometric Prior Enhancement Module; Semantic Alignment Injection Mechanism,2026-06-06
PE3R: Perception-Efficient 3D Reconstruction,https://openaccess.thecvf.com/content/CVPR2026/papers/Hu_PE3R_Perception-Efficient_3D_Reconstruction_CVPR_2026_paper.pdf,https://arxiv.org/abs/2503.07507,2D-to-3D perception; 3D semantic reconstruction; unposed images; multi-view geometry; 2D semantic priors; feed-forward pipeline; zero-shot generalization; open-vocabulary segmentation; multi-view depth estimation; language-driven 3D scene understanding,2026-06-06
InstantViR: Real-Time Video Inverse Problem Solver with Distilled Diffusion Prior,https://openaccess.thecvf.com/content/CVPR2026/papers/Bai_InstantViR_Real-Time_Video_Inverse_Problem_Solver_with_Distilled_Diffusion_Prior_CVPR_2026_paper.pdf,https://arxiv.org/abs/2511.14208,video inverse problems; real-time video reconstruction; distilled diffusion prior; bidirectional video diffusion model; causal autoregressive student; prior-driven distillation; LeanVAE; latent-space processing; streaming random inpainting; Gaussian deblurring,2026-06-06
HyperGait: Unleashing the Power of Parsing for Gait Recognition in the Wild via Hypergraph,https://openaccess.thecvf.com/content/CVPR2026/papers/Zheng_HyperGait_Unleashing_the_Power_of_Parsing_for_Gait_Recognition_in_CVPR_2026_paper.pdf,,gait recognition; gait parsing sequence; hypergraph-based gait recognition; HyperGait; higher-order correlations; Spatial Hypergraph Convolutional Module; Temporal Hypergraph Convolutional Module; human body parts; temporal dynamics; Gait3D,2026-06-06
TWINGS: Thin Plate Splines Warp-aligned Initialization for Sparse-View Gaussian Splatting,https://openaccess.thecvf.com/content/CVPR2026/papers/Kim_TWINGS_Thin_Plate_Splines_Warp-aligned_Initialization_for_Sparse-View_Gaussian_Splatting_CVPR_2026_paper.pdf,https://arxiv.org/abs/2605.22069,Thin Plate Splines; sparse-view Gaussian Splatting; 3D Gaussian Splatting; novel view synthesis; warp-aligned initialization; point sparsity; backprojected points; triangulated 3D control points; non-rigid deformation; scene reconstruction,2026-06-06
CUE: Concept-Aware Multi-Label Expansion to Mitigate Concept Confusion in Long-Tailed Learning,https://openaccess.thecvf.com/content/CVPR2026/papers/Zhang_CUE_Concept-Aware_Multi-Label_Expansion_to_Mitigate_Concept_Confusion_in_Long-Tailed_CVPR_2026_paper.pdf,https://arxiv.org/abs/2605.01309,long-tailed learning; concept confusion; multi-label expansion; foundation model fine-tuning; single-label supervision; inter-class discriminability; zero-shot CLIP; LLM semantic cues; Binary Logit-Adjustment; Logit-Adjustment loss,2026-06-06
VOSR: A Vision-Only Generative Model for Image Super-Resolution,https://openaccess.thecvf.com/content/CVPR2026/papers/Wu_VOSR_A_Vision-Only_Generative_Model_for_Image_Super-Resolution_CVPR_2026_paper.pdf,https://arxiv.org/abs/2604.03225,image super-resolution; generative SR; vision-only generative model; pretrained vision encoder; visual semantic guidance; classifier-free guidance; restoration-oriented guidance; one-step distillation; efficient inference; multimodal pretraining,2026-06-06
Mixture of Prototypes for Test-time Adaptive Segmentation,https://openaccess.thecvf.com/content/CVPR2026/papers/Li_Mixture_of_Prototypes_for_Test-time_Adaptive_Segmentation_CVPR_2026_paper.pdf,,Test-Time Adaptive Segmentation; test-time adaptation; distribution shift; class-wise prototypes; source pixel features; mixture-of-experts; domain experts; prototype clustering; gating network; min-max entropy optimization,2026-06-06
DPGF-Net: Dual-Prior Guided Fusion Network for Joint Assessment of Perceptual Quality and Semantic Consistency in AI-Generated Images,https://openaccess.thecvf.com/content/CVPR2026/papers/Li_DPGF-Net_Dual-Prior_Guided_Fusion_Network_for_Joint_Assessment_of_Perceptual_CVPR_2026_paper.pdf,,AI-generated image quality assessment; text-content alignment; prompt noncompliance; rendering artifacts; distortion-content disentanglement; dual-prior guided fusion network; image-side priors; text-side prompt templates; local text-conditioned aggregation; global modulation branch,2026-06-06
All-in-One Slider for Attribute Manipulation in Diffusion Models,https://openaccess.thecvf.com/content/CVPR2026/papers/Ye_All-in-One_Slider_for_Attribute_Manipulation_in_Diffusion_Models_CVPR_2026_paper.pdf,https://arxiv.org/abs/2508.19195,text-to-image diffusion models; attribute manipulation; All-in-One Slider; slider modules; text embedding space; sparse attribute directions; fine-grained continuous control; multiple attribute composition; zero-shot manipulation; diffusion inversion framework,2026-06-06
"Envision, Attend, Then Respond: Counterfactual Hallucination Mitigation in Large Vision-Language Models",https://openaccess.thecvf.com/content/CVPR2026/papers/Liang_Envision_Attend_Then_Respond_Counterfactual_Hallucination_Mitigation_in_Large_Vision-Language_CVPR_2026_paper.pdf,,Large Vision-Language Models; counterfactual hallucination mitigation; Envision-Attend-Respond; training-free framework; visual priors; diffusion prior; latent perturbations; counterfactual element localization; contrastive decoding; multimodal reasoning,2026-06-06
Intrinsic Image Fusion for Multi-View 3D Material Reconstruction,https://openaccess.thecvf.com/content/CVPR2026/papers/Kocsis_Intrinsic_Image_Fusion_for_Multi-View_3D_Material_Reconstruction_CVPR_2026_paper.pdf,,Intrinsic Image Fusion; multi-view 3D material reconstruction; physically based materials; single-view priors; diffusion-based material estimator; material decomposition; low-dimensional parametric material space; confidence-based multi-view inlier set; inverse path tracing; material disentanglement,2026-06-06
DPAR: Dynamic Patchification for Efficient Autoregressive Visual Generation,https://openaccess.thecvf.com/content/CVPR2026/papers/Srivastava_DPAR_Dynamic_Patchification_for_Efficient_Autoregressive_Visual_Generation_CVPR_2026_paper.pdf,https://arxiv.org/abs/2512.21867,decoder-only autoregressive image generation; dynamic patchification; variable-size image patches; next-token prediction entropy; token merging; efficient attention; multimodal generation frameworks; high-information image regions; patch-boundary robustness; FLOPs reduction,2026-06-06
PrivSynth: Alternating and Control-Based Optimization for Privacy and Utility in Synthetic Data,https://openaccess.thecvf.com/content/CVPR2026/papers/Zhao_PrivSynth_Alternating_and_Control-Based_Optimization_for_Privacy_and_Utility_in_CVPR_2026_paper.pdf,,synthetic data generation; privacy-preserving data sharing; membership inference attacks; reconstruction attacks; privacy-utility trade-off; bi-objective optimization; alternate optimization; data selection parameter; discrete-time optimal control; Pontryagin’s Maximum Principle,2026-06-06
Deep Feature Deformation Weights,https://openaccess.thecvf.com/content/CVPR2026/papers/Liu_Deep_Feature_Deformation_Weights_CVPR_2026_paper.pdf,https://arxiv.org/abs/2601.12527,handle-based mesh deformation; deformation weights; deep feature proximity; barycentric feature distillation; visual-aware deformation; real-time mesh deformation; feature space constraints; locality weighting; visual symmetry detection; symmetry-preserving deformations,2026-06-06
StoryTailor:A Zero-Shot Pipeline for Action-Rich Multi-Subject Visual Narratives,https://openaccess.thecvf.com/content/CVPR2026/papers/Hu_StoryTailorA_Zero-Shot_Pipeline_for_Action-Rich_Multi-Subject_Visual_Narratives_CVPR_2026_paper.pdf,,zero-shot visual narrative generation; multi-frame image sequences; action text faithfulness; subject identity fidelity; cross-frame background continuity; Gaussian-Centered Attention; Action-Boost Singular Value Reweighting; Selective Forgetting Cache; grounding boxes; temporally coherent image generation,2026-06-06
PhysGS: Bayesian-Inferred Gaussian Splatting for Physical Property Estimation,https://openaccess.thecvf.com/content/CVPR2026/papers/Chopra_PhysGS_Bayesian-Inferred_Gaussian_Splatting_for_Physical_Property_Estimation_CVPR_2026_paper.pdf,https://arxiv.org/abs/2511.18570,PhysGS; Bayesian-inferred Gaussian Splatting; physical property estimation; 3D Gaussian Splatting; vision-language priors; Bayesian inference over Gaussian splats; uncertainty-aware scene interpretation; aleatoric and epistemic uncertainties; mass estimation; Shore hardness estimation,2026-06-06
GeoBridge: A Semantic-Anchored Multi-View Foundation Model Bridging Images and Text for Geo-Localization,https://openaccess.thecvf.com/content/CVPR2026/papers/Song_GeoBridge_A_Semantic-Anchored_Multi-View_Foundation_Model_Bridging_Images_and_Text_CVPR_2026_paper.pdf,https://arxiv.org/abs/2512.02697,cross-view geo-localization; multi-view foundation model; semantic-anchor mechanism; language-to-image retrieval; bidirectional matching; cross-modal knowledge transfer; GeoLoc dataset; drone imagery; street-view panorama; satellite images,2026-06-06
Eliciting Complex Spatial Reasoning in MLLMs through Wide-Baseline Matching,https://openaccess.thecvf.com/content/CVPR2026/papers/Zhong_Eliciting_Complex_Spatial_Reasoning_in_MLLMs_through_Wide-Baseline_Matching_CVPR_2026_paper.pdf,,wide-baseline matching; spatial reasoning; multimodal large language models; ReasonMatch-Bench; fine-grained correspondence; viewpoint displacement; occlusion reasoning; video-3D corpora; SfM reconstructions; Dynamic Correspondence Reinforcement Learning,2026-06-06
GraspLDP: Towards Generalizable Grasping Policy via Latent Diffusion,https://openaccess.thecvf.com/content/CVPR2026/papers/Xiang_GraspLDP_Towards_Generalizable_Grasping_Policy_via_Latent_Diffusion_CVPR_2026_paper.pdf,https://arxiv.org/abs/2602.22862,generalizable grasping policy; latent diffusion policy; imitation learning; diffusion-based policy learning; robotic manipulation; grasp pose prior; action chunk decoding; graspness prior; self-supervised reconstruction; dynamic grasping,2026-06-06
Multi-speaker Attention Alignment for Multimodal Social Interaction,https://openaccess.thecvf.com/content/CVPR2026/papers/Ouyang_Multi-speaker_Attention_Alignment_for_Multimodal_Social_Interaction_CVPR_2026_paper.pdf,https://arxiv.org/abs/2511.17952,multimodal social interaction; multi-speaker scenes; cross-modal attention; speaker-consistent alignment; Multimodal Large Language Models; dynamic cross-modal head selection; social-aware attention bias; speaker locations; multi-party social reasoning; attention visualizations,2026-06-06
Underground Plant Exploration: Non-Destructive 3D Root Assessment with GPR Based on Point Graph Neural Network,https://openaccess.thecvf.com/content/CVPR2026/papers/Zhou_Underground_Plant_Exploration_Non-Destructive_3D_Root_Assessment_with_GPR_Based_CVPR_2026_paper.pdf,,Ground Penetrating Radar; non-destructive 3D root assessment; plant root structures; GPR signal shape priors; target signal detection; curve parameter regression; B-scans; hyperbolic curve reconstruction; point graph neural network; sparse 3D slice upsampling,2026-06-06
Few-for-Many Personalized Federated Learning,https://openaccess.thecvf.com/content/CVPR2026/papers/Guo_Few-for-Many_Personalized_Federated_Learning_CVPR_2026_paper.pdf,https://arxiv.org/abs/2603.11992,Personalized Federated Learning; few-for-many optimization; multi-objective optimization; Pareto front; heterogeneous client objectives; shared server models; FedFew; gradient-based updates; model diversity; medical imaging datasets,2026-06-06
AnchorSplat: Feed-Forward 3D Gaussian Splatting With 3D Geometric Priors,https://openaccess.thecvf.com/content/CVPR2026/papers/Zhang_AnchorSplat_Feed-Forward_3D_Gaussian_Splatting_With_3D_Geometric_Priors_CVPR_2026_paper.pdf,https://arxiv.org/abs/2604.07053,AnchorSplat; feed-forward 3D Gaussian Splatting; 3D geometric priors; anchor-aligned Gaussian representation; scene-level reconstruction; sparse point clouds; RGB-D point clouds; Gaussian Refiner; ScanNet++ v2 NVS benchmark; view-consistent Gaussian primitives,2026-06-06
YOLO-ULM: Ultra-Lightweight Models for Real-Time Object Detection,https://openaccess.thecvf.com/content/CVPR2026/papers/Han_YOLO-ULM_Ultra-Lightweight_Models_for_Real-Time_Object_Detection_CVPR_2026_paper.pdf,,YOLO-ULM; ultra-lightweight object detection; real-time object detection; efficient feature aggregation; parallel downsampling; complete-IoU loss; accelerated inference; model parameter redundancy; COCO training from scratch; YOLO-ULM-Turbo,2026-06-06
ProcessMaker: A Generalized Process Visualization Framework with Adaptive Sequence Steps on Diffusion Transformers,https://openaccess.thecvf.com/content/CVPR2026/papers/Xu_ProcessMaker_A_Generalized_Process_Visualization_Framework_with_Adaptive_Sequence_Steps_CVPR_2026_paper.pdf,,procedural sequence generation; process visualization; adaptive sequence steps; Diffusion Transformers; self-supervised representation alignment; sparse masks; unseen domain generalization; sliding window strategy; parameter-efficient generation; multi-step image generation,2026-06-06
Recover to Predict: Progressive Retrospective Learning for Variable-Length Trajectory Prediction,https://openaccess.thecvf.com/content/CVPR2026/papers/Zhou_Recover_to_Predict_Progressive_Retrospective_Learning_for_Variable-Length_Trajectory_Prediction_CVPR_2026_paper.pdf,https://arxiv.org/abs/2603.10597,variable-length trajectory prediction; autonomous driving; incomplete observations; Progressive Retrospective Framework; retrospective feature alignment; Retrospective Distillation Module; Retrospective Prediction Module; Rolling-Start Training Strategy; short trajectories; Argoverse datasets,2026-06-06
CoSMo3D: Open-World Promptable 3D Semantic Segmentation through LLM-Guided Canonical Spatial Modeling,https://openaccess.thecvf.com/content/CVPR2026/papers/Jin_CoSMo3D_Open-World_Promptable_3D_Semantic_Segmentation_through_LLM-Guided_Canonical_Spatial_CVPR_2026_paper.pdf,,open-world promptable 3D semantic segmentation; canonical spatial modeling; LLM-guided alignment; canonical reference frame; canonical space perception; canonical dataset; dual-branch architecture; canonical map anchoring; canonical box calibration; stable canonical embedding,2026-06-06
Learning to Solve PDEs on Neural Shape Representations,https://openaccess.thecvf.com/content/CVPR2026/papers/Welschinger_Learning_to_Solve_PDEs_on_Neural_Shape_Representations_CVPR_2026_paper.pdf,https://arxiv.org/abs/2512.21311,surface PDEs; neural shape representations; mesh-free PDE solving; local update operator; neural surface representations; differentiable PDE solvers; heat equation; Poisson solve; shape topology generalization; end-to-end surface PDE pipeline,2026-06-06
"Mimic Human Cognition, Master Multi-Image Reasoning: A Meta-Action Framework for Enhanced Visual Understanding",https://openaccess.thecvf.com/content/CVPR2026/papers/Yin_Mimic_Human_Cognition_Master_Multi-Image_Reasoning_A_Meta-Action_Framework_for_CVPR_2026_paper.pdf,https://arxiv.org/abs/2601.07298,Multimodal Large Language Models; multi-image reasoning; Cognition-Inspired Meta-Action Framework; meta-action trajectories; Retrieval-Based Tree Sampling; cold-start training; reinforcement learning; Diversity-Preserving Strategy; DAPO; video understanding benchmarks,2026-06-06
M4-RAG: A Massive-Scale Multilingual Multi-Cultural Multimodal RAG,https://openaccess.thecvf.com/content/CVPR2026/papers/Anugraha_M4-RAG_A_Massive-Scale_Multilingual_Multi-Cultural_Multimodal_RAG_CVPR_2026_paper.pdf,https://arxiv.org/abs/2512.05959,multilingual multimodal RAG; retrieval-augmented VQA; vision-language models; M4-RAG benchmark; culturally diverse image-question pairs; controlled retrieval environment; multilingual documents; cross-lingual evaluation; non-English prompts; model size and retrieval effectiveness,2026-06-06
Hypergraph-State Collaborative Reasoning for Multi-Object Tracking,https://openaccess.thecvf.com/content/CVPR2026/papers/Song_Hypergraph-State_Collaborative_Reasoning_for_Multi-Object_Tracking_CVPR_2026_paper.pdf,https://arxiv.org/abs/2604.12665,multi-object tracking; motion reasoning; collaborative reasoning; HyperSSM; Hypergraph computation; State Space Model; spatial-temporal reasoning; dynamic hyperedges; occlusion handling; trajectory association,2026-06-06
M^3KG-RAG: Multi-hop Multimodal Knowledge Graph-enhanced Retrieval-Augmented Generation,https://openaccess.thecvf.com/content/CVPR2026/papers/Park_M3KG-RAG_Multi-hop_Multimodal_Knowledge_Graph-enhanced_Retrieval-Augmented_Generation_CVPR_2026_paper.pdf,,Multimodal Retrieval-Augmented Generation; multimodal knowledge graphs; multi-hop MMKG; audio-visual knowledge retrieval; multimodal large language models; query-aligned retrieval; GRASP selective pruning; entity grounding; multimodal reasoning; answer faithfulness,2026-06-06
Foundation Encoders Are All You Need for Preference-Aware Personalization,https://openaccess.thecvf.com/content/CVPR2026/papers/Kim_Foundation_Encoders_Are_All_You_Need_for_Preference-Aware_Personalization_CVPR_2026_paper.pdf,,personalized image generation; preference-aware personalization; foundation encoders; tailored profiling; user preferences; transformer-based encoders; text-to-image models; CLIP retrieval; unCLIP; vision-language models,2026-06-06
RealUnify: Do Unified Models Truly Benefit from Unification? A Comprehensive Benchmark,https://openaccess.thecvf.com/content/CVPR2026/papers/Shi_RealUnify_Do_Unified_Models_Truly_Benefit_from_Unification_A_Comprehensive_CVPR_2026_paper.pdf,https://arxiv.org/abs/2509.24897,unified multimodal models; visual understanding; image generation; bidirectional capability synergy; RealUnify benchmark; understanding-enhanced generation; generation-enhanced understanding; mental simulation; diagnostic stepwise evaluation; unified model evaluation,2026-06-06
MagicQuill V2: Precise and Interactive Image Editing with Layered Visual Cues,https://openaccess.thecvf.com/content/CVPR2026/papers/Liu_MagicQuill_V2_Precise_and_Interactive_Image_Editing_with_Layered_Visual_CVPR_2026_paper.pdf,,generative image editing; layered visual cues; diffusion transformers; controllable visual cues; context-aware content integration; unified control module; spatial branch; precise local editing; object removal; user intention disentanglement,2026-06-06
Node-RF: Learning Generalized Continuous Space-Time Scene Dynamics with Neural ODE-based NeRFs,https://openaccess.thecvf.com/content/CVPR2026/papers/Sarkar_Node-RF_Learning_Generalized_Continuous_Space-Time_Scene_Dynamics_with_Neural_ODE-based_CVPR_2026_paper.pdf,https://arxiv.org/abs/2603.12078,Neural ODE-based NeRFs; dynamic Neural Radiance Fields; continuous-time spatiotemporal representation; scene dynamics prediction; long-range extrapolation; implicit scene state; ODE solver; feature embedding propagation; NeRF-based rendering; novel view synthesis,2026-06-06
EI-Part:Explode for Completion and Implode for Refinement,https://openaccess.thecvf.com/content/CVPR2026/papers/Sun_EI-PartExplode_for_Completion_and_Implode_for_Refinement_CVPR_2026_paper.pdf,https://arxiv.org/abs/2603.14021,part-level 3D generation; 3D shape decomposition; geometrically plausible components; EI-Part; Explode state; part completion; Implode state; geometry refinement; self-attention mechanism; structural coherence,2026-06-06
PCA-Seg: Revisiting Cost Aggregation for Open-Vocabulary Semantic and Part Segmentation,https://openaccess.thecvf.com/content/CVPR2026/papers/Yin_PCA-Seg_Revisiting_Cost_Aggregation_for_Open-Vocabulary_Semantic_and_Part_Segmentation_CVPR_2026_paper.pdf,https://arxiv.org/abs/2603.17520,open-vocabulary semantic and part segmentation; vision-language models; parallel cost aggregation; cost volumes; image-text alignment; expert-driven perceptual learning; multi-expert parser; coefficient mapper; feature orthogonalization decoupling; pixel-specific feature weights,2026-06-06
LaRP: Efficient Multi-View Inpainting with Latent Reprojection Priors,https://openaccess.thecvf.com/content/CVPR2026/papers/Zhang_LaRP_Efficient_Multi-View_Inpainting_with_Latent_Reprojection_Priors_CVPR_2026_paper.pdf,,multi-view inpainting; 3D consistency; latent reprojection priors; cross-view conditioning; 3D foundation model; multi-view correspondences; diffusion inpainting model; reprojected cross-view appearance latents; novel view synthesis; scalable data pipeline,2026-06-06
Geometry-Aware Cross-Modal Graph Alignment for Referring Segmentation in 3D Gaussian Splatting,https://openaccess.thecvf.com/content/CVPR2026/papers/Tao_Geometry-Aware_Cross-Modal_Graph_Alignment_for_Referring_Segmentation_in_3D_Gaussian_CVPR_2026_paper.pdf,,referring 3D segmentation; 3D Gaussian Splatting; geometry-aware cross-modal graph alignment; spatial grounding; position-aware prompt expansion; semantic-spatial graph; Gaussian-based geometric graph; 3D topology encoding; geometric consistency; cross-modal attention misalignment,2026-06-06
Predicting Spatial Transcriptomics from Histology Images via High-Order Multi-Cell Interaction Modeling,https://openaccess.thecvf.com/content/CVPR2026/papers/Sun_Predicting_Spatial_Transcriptomics_from_Histology_Images_via_High-Order_Multi-Cell_Interaction_CVPR_2026_paper.pdf,,Spatial transcriptomics; histology images; H&E-stained whole-slide images; spatial gene expression prediction; multi-cell interactions; many-body attention; hierarchical interaction module; cross-cell dependencies; microenvironment modeling; high-order many-to-many modeling,2026-06-06
Breaking Semantic Boundaries: Distribution-Guided Semantic Exploration for Creative Generation,https://openaccess.thecvf.com/content/CVPR2026/papers/Feng_Breaking_Semantic_Boundaries_Distribution-Guided_Semantic_Exploration_for_Creative_Generation_CVPR_2026_paper.pdf,,text-to-image diffusion models; out-of-distribution concepts; semantic exploration; Distribution-Conditional Generation; class distributions; DisTok; encoder–decoder framework; token-level creative synthesis; vision-language model alignment; text–image alignment,2026-06-06
Echoes of Ownership: Adversarial-Guided Dual Injection for Copyright Protection in MLLMs,https://openaccess.thecvf.com/content/CVPR2026/papers/Xia_Echoes_of_Ownership_Adversarial-Guided_Dual_Injection_for_Copyright_Protection_in_CVPR_2026_paper.pdf,https://arxiv.org/abs/2602.18845,multimodal large language models; copyright triggers; model ownership verification; intellectual property protection; adversarial optimization; dual-injection semantic information; learnable trigger images; CLIP feature alignment; adversarial training; model lineage tracking,2026-06-06
CI-VID: A Coherent Interleaved Text-Video Dataset,https://openaccess.thecvf.com/content/CVPR2026/papers/Ju_CI-VID_A_Coherent_Interleaved_Text-Video_Dataset_CVPR_2026_paper.pdf,https://arxiv.org/abs/2507.01938,text-to-video generation; text-and-video-to-video generation; coherent multi-clip video sequences; CI-VID dataset; multi-scene video sequences; video captions; visual transitions; temporal coherence; VLM-based assessment; similarity-based metrics,2026-06-06
AdaSVD: Singular Value Decomposition with Adaptive Mechanisms for Large Multimodal Models,https://openaccess.thecvf.com/content/CVPR2026/papers/Li_AdaSVD_Singular_Value_Decomposition_with_Adaptive_Mechanisms_for_Large_Multimodal_CVPR_2026_paper.pdf,,Large Multimodal Models; model compression; Singular Value Decomposition; SVD truncation errors; adaptive compensation; layer-specific compression ratios; transformer layer importance; memory-efficient deployment; resource-limited devices; multimodal processing,2026-06-06
Beyond Prompt Degradation: Prototype-guided Dual-pool Prompting for Incremental Object Detection,https://openaccess.thecvf.com/content/CVPR2026/papers/Zhang_Beyond_Prompt_Degradation_Prototype-guided_Dual-pool_Prompting_for_Incremental_Object_Detection_CVPR_2026_paper.pdf,https://arxiv.org/abs/2603.02286,Incremental Object Detection; prompt-based methods; replay-free learning; prompt degradation; prompt decoupling; dual-pool prompting; prompt coupling; prompt drift; Prototypical Pseudo-Label Generation; class prototypes,2026-06-06
MergeVLA: Cross-Skill Model Merging Toward a Generalist Vision-Language-Action Agent,https://openaccess.thecvf.com/content/CVPR2026/papers/Fu_MergeVLA_Cross-Skill_Model_Merging_Toward_a_Generalist_Vision-Language-Action_Agent_CVPR_2026_paper.pdf,https://arxiv.org/abs/2511.18810,Vision-Language-Action models; cross-skill model merging; generalist robotic agents; LoRA adapters; task masks; VLM backbone; cross-attention-only action experts; test-time task router; unsupervised task inference; robotic demonstrations,2026-06-06
HieraMamba: Video Temporal Grounding via Hierarchical Anchor-Mamba Pooling,https://openaccess.thecvf.com/content/CVPR2026/papers/An_HieraMamba_Video_Temporal_Grounding_via_Hierarchical_Anchor-Mamba_Pooling_CVPR_2026_paper.pdf,https://arxiv.org/abs/2510.23043,video temporal grounding; hierarchical Anchor-Mamba pooling; Mamba selective scanning; anchor tokens; long untrimmed videos; fine-grained temporal localization; anchor-conditioned contrastive loss; segment-pooled contrastive loss; Ego4D-NLQ; temporally faithful localization,2026-06-06
WeDetect: Fast Open-Vocabulary Object Detection as Retrieval,https://openaccess.thecvf.com/content/CVPR2026/papers/Fu_WeDetect_Fast_Open-Vocabulary_Object_Detection_as_Retrieval_CVPR_2026_paper.pdf,https://arxiv.org/abs/2512.12309,open-vocabulary object detection; retrieval-based detection; non-fusion dual-tower architecture; shared embedding space; universal proposal generation; objectness prompt finetuning; class-specific proposal embeddings; object retrieval; referring expression comprehension; LMM-based object classifier,2026-06-06
"Guardians of the Hair: Rescuing Soft Boundaries in Depth, Stereo, and Novel Views",https://openaccess.thecvf.com/content/CVPR2026/papers/Zhang_Guardians_of_the_Hair_Rescuing_Soft_Boundaries_in_Depth_Stereo_CVPR_2026_paper.pdf,,soft boundaries; thin hair reconstruction; HairGuard; 3D vision; image matting datasets; depth fixer network; gated residual module; depth-based forward warping; generative scene painter; novel view synthesis,2026-06-06
Content-Adaptive Hierarchical Hyperprior for Neural Video Coding,https://openaccess.thecvf.com/content/CVPR2026/papers/Liao_Content-Adaptive_Hierarchical_Hyperprior_for_Neural_Video_Coding_CVPR_2026_paper.pdf,,neural video coding; content-adaptive hierarchical hyperprior; hierarchical structure optimization; quality configuration; reference configuration; hierarchical hyperprior codec; dual-reference scheme; rate-distortion performance; BD-rate reduction; VTM low-delay B,2026-06-06
Rethinking Prompt Design for Inference-time Scaling in Text-to-Visual Generation,https://openaccess.thecvf.com/content/CVPR2026/papers/Kim_Rethinking_Prompt_Design_for_Inference-time_Scaling_in_Text-to-Visual_Generation_CVPR_2026_paper.pdf,https://arxiv.org/abs/2512.03534,text-to-visual generation; inference-time scaling; prompt redesign; PRIS; visual generation scaling; element-level factual correction; prompt-visual alignment; recurring failure patterns; text-to-image benchmarks; text-to-video benchmarks,2026-06-06
Spike-driven Discrete Aggregation for Event-based Object Detection,https://openaccess.thecvf.com/content/CVPR2026/papers/Li_Spike-driven_Discrete_Aggregation_for_Event-based_Object_Detection_CVPR_2026_paper.pdf,,event-based object detection; event cameras; event representation; Discrete Aggregation; Spiking Discrete Aggregation; Spiking Neural Networks; gated recurrent spiking neurons; Multi-Timescale Fusion; neuromorphic datasets; fully spiking architectures,2026-06-06
Reframing Long-Tailed Learning via Loss Landscape Geometry,https://openaccess.thecvf.com/content/CVPR2026/papers/Chen_Reframing_Long-Tailed_Learning_via_Loss_Landscape_Geometry_CVPR_2026_paper.pdf,https://arxiv.org/abs/2603.21217,long-tailed learning; loss landscape geometry; tail performance degradation; head-class overfitting; tail-class forgetting; divergent convergence points; sharp non-robust minima; flat shared solutions; grouped knowledge preservation; grouped sharpness-aware optimization,2026-06-06
Precise Object and Effect Removal with Adaptive Target-Aware Attention,https://openaccess.thecvf.com/content/CVPR2026/papers/Zhao_Precise_Object_and_Effect_Removal_with_Adaptive_Target-Aware_Attention_CVPR_2026_paper.pdf,https://arxiv.org/abs/2505.22636,object-effect removal; adaptive target-aware attention; diffusion-based inpainting; foreground removal; background reconstruction; attention-guided fusion; attention maps; background fidelity; OBER dataset; object-effect masks,2026-06-06
"EgoEdit: Dataset, Real-Time Streaming Model, and Benchmark for Egocentric Video Editing",https://openaccess.thecvf.com/content/CVPR2026/papers/Li_EgoEdit_Dataset_Real-Time_Streaming_Model_and_Benchmark_for_Egocentric_Video_CVPR_2026_paper.pdf,,egocentric video editing; instruction-guided editing; interactive AR applications; rapid egomotion; hand-object interactions; real-time streaming inference; single-GPU video editing; instruction faithfulness; hand and interaction preservation; temporal stability,2026-06-06
SceMoS: Scene-Aware 3D Human Motion Synthesis by Planning with Geometry-Grounded Tokens,https://openaccess.thecvf.com/content/CVPR2026/papers/Ghosh_SceMoS_Scene-Aware_3D_Human_Motion_Synthesis_by_Planning_with_Geometry-Grounded_CVPR_2026_paper.pdf,https://arxiv.org/abs/2602.20476,scene-aware motion synthesis; text-driven 3D human motion; geometry-grounded motion tokenizer; bird's-eye-view scene representation; DINOv2 features; conditional VQ-VAE; 2D local scene heightmap; human-scene interaction; contact accuracy; TRUMANS benchmark,2026-06-06
"TriDF: Evaluating Perception, Detection, and Hallucination for Interpretable DeepFake Detection",https://openaccess.thecvf.com/content/CVPR2026/papers/Jiang-Lin_TriDF_Evaluating_Perception_Detection_and_Hallucination_for_Interpretable_DeepFake_Detection_CVPR_2026_paper.pdf,,interpretable DeepFake detection; TriDF benchmark; person-centric manipulations; multimodal DeepFake detection; fine-grained manipulation artifacts; human-annotated evidence; forgery families; multimodal large language models; hallucination in explanations; synthetic media threats,2026-06-06
Re-evaluating Continual VQA: Toward Fair and Robust Evaluation for Multimodal Continual Learning,https://openaccess.thecvf.com/content/CVPR2026/papers/Gao_Re-evaluating_Continual_VQA_Toward_Fair_and_Robust_Evaluation_for_Multimodal_CVPR_2026_paper.pdf,,Continual Visual Question Answering; multimodal continual learning; UCo-VQA; unbiased benchmark suite; token-level disjoint answer spaces; intra-task train-test distribution shifts; answer memorization; catastrophic forgetting; question-only replay; dual-level distillation,2026-06-06
RefTon: Reference person shot assist virtual Try-on,https://openaccess.thecvf.com/content/CVPR2026/papers/Li_RefTon_Reference_person_shot_assist_virtual_Try-on_CVPR_2026_paper.pdf,https://arxiv.org/abs/2511.00956,person-to-person virtual try-on; flux-based framework; unpaired visual references; garment realism; texture alignment; garment detail preservation; source image; target garment; unpaired reference dataset; structural guidance-free generation,2026-06-06
Let VLMs Grade Their Own Thoughts: A Self-Quantification Approach to Reasoning-Aware Reward Modeling,https://openaccess.thecvf.com/content/CVPR2026/papers/Xi_Let_VLMs_Grade_Their_Own_Thoughts_A_Self-Quantification_Approach_to_CVPR_2026_paper.pdf,,Vision Language Models; Chain-of-Thought reasoning; reasoning-aware reward modeling; intrinsic self-evaluation; self-generated confidence scores; Sequential Confidence Rigorous Evaluation; Intra-group Score Re-ranking; Video-RAISE; video understanding benchmarks; reasoning path consistency,2026-06-06
PSR: Scaling Multi-Subject Personalized Image Generation with Pairwise Subject-Consistency Rewards,https://openaccess.thecvf.com/content/CVPR2026/papers/Wang_PSR_Scaling_Multi-Subject_Personalized_Image_Generation_with_Pairwise_Subject-Consistency_Rewards_CVPR_2026_paper.pdf,https://arxiv.org/abs/2512.01236,multi-subject personalized image generation; Pairwise Subject-Consistency Rewards; subject consistency; text controllability; multi-subject data generation pipeline; single-subject generation models; multi-subject training data; reinforcement learning post-training; multi-subject personalization benchmark; prompt adherence,2026-06-06
UniMMAD: Unified Multi-Modal and Multi-Class Anomaly Detection via MoE-Driven Feature Decompression,https://openaccess.thecvf.com/content/CVPR2026/papers/Zhao_UniMMAD_Unified_Multi-Modal_and_Multi-Class_Anomaly_Detection_via_MoE-Driven_Feature_CVPR_2026_paper.pdf,https://arxiv.org/abs/2509.25934,multi-modal anomaly detection; multi-class anomaly detection; Mixture-of-Experts; feature decompression; adaptive disentangled reconstruction; feature compression; cross-modal interaction; sparsely-gated cross MoE; grouped dynamic filtering; MoE-in-MoE,2026-06-06
Where MLLMs Attend and What They Rely On: Explaining Autoregressive Token Generation,https://openaccess.thecvf.com/content/CVPR2026/papers/Chen_Where_MLLMs_Attend_and_What_They_Rely_On_Explaining_Autoregressive_CVPR_2026_paper.pdf,https://arxiv.org/abs/2509.22496,Multimodal large language models; autoregressive token generation; EAGLE; black-box explainability; spatial attribution; perceptual regions; language priors; perceptual evidence; modality-aware analysis; hallucination diagnosis,2026-06-06
StructXLIP: Enhancing Vision-language Models with Multimodal Structural Cues,https://openaccess.thecvf.com/content/CVPR2026/papers/Ruan_StructXLIP_Enhancing_Vision-language_Models_with_Multimodal_Structural_Cues_CVPR_2026_paper.pdf,https://arxiv.org/abs/2602.20089,StructXLIP; vision-language alignment; multimodal structural cues; edge-based representations; edge maps; Canny edge detection; structure-centric captions; cross-modal retrieval; CLIP fine-tuning; multimodal structural representations,2026-06-06
"M3DocDep: Multi-modal, Multi-page, Multi-document Dependency Chunking with Large Vision-Language Models",https://openaccess.thecvf.com/content/CVPR2026/papers/Shin_M3DocDep_Multi-modal_Multi-page_Multi-document_Dependency_Chunking_with_Large_Vision-Language_Models_CVPR_2026_paper.pdf,https://arxiv.org/abs/2605.18774,multi-page industrial documents; retrieval-augmented generation; dependency chunking; large vision-language models; block-level dependencies; cross-page parent-child relations; figure/table-caption bindings; SoftROI pooling; biaffine dependency parsing; tree-guided chunks,2026-06-06
PoseAnything: General Pose-guided Video Generation with Part-aware Temporal Coherence,https://openaccess.thecvf.com/content/CVPR2026/papers/Wang_PoseAnything_General_Pose-guided_Video_Generation_with_Part-aware_Temporal_Coherence_CVPR_2026_paper.pdf,,pose-guided video generation; Part-aware Temporal Coherence Module; arbitrary skeletal inputs; non-human character animation; part-level consistency; cross-frame part correspondences; Subject and Camera Motion Decoupled CFG; independent camera movement control; classifier-free guidance; XPose dataset,2026-06-06
Learning to Adapt: Self-Improving Web Agent via Cognitive-Aware Exploration,https://openaccess.thecvf.com/content/CVPR2026/papers/Chen_Learning_to_Adapt_Self-Improving_Web_Agent_via_Cognitive-Aware_Exploration_CVPR_2026_paper.pdf,,Multimodal Large Language Models; web agents; self-cognitive-aware learning; environmental exploration; adversarial roles; SCALE-Hop; graph exploration strategy; global planning; SCALE-20k dataset; autonomous adaptive agents,2026-06-06
"Muses: Designing, Composing, Generating Nonexistent Fantasy 3D Creatures without Training",https://openaccess.thecvf.com/content/CVPR2026/papers/Lu_Muses_Designing_Composing_Generating_Nonexistent_Fantasy_3D_Creatures_without_Training_CVPR_2026_paper.pdf,https://arxiv.org/abs/2601.03256,training-free 3D creature generation; feed-forward 3D generation; 3D skeleton representation; structure-aware 3D content creation; graph-constrained reasoning; voxel-based assembly; structured latent space; image-guided appearance modeling; skeletal conditions; 3D object editing,2026-06-06
CoFiDA-M: Concept-Aware Feature Modulation for Cross-Domain Adaptation with Image-Only Inference,https://openaccess.thecvf.com/content/CVPR2026/papers/Sultana_CoFiDA-M_Concept-Aware_Feature_Modulation_for_Cross-Domain_Adaptation_with_Image-Only_Inference_CVPR_2026_paper.pdf,,cross-domain adaptation; image-only inference; skin cancer screening; dermoscopic images; clinical images; clinical concepts; MONET concept probabilities; privileged information; FiLM modulator; knowledge distillation,2026-06-06
GSV2X: Geometry-Aware Uncertainty Modeling and Orthogonal Fusion for Robust Roadside Perception,https://openaccess.thecvf.com/content/CVPR2026/papers/Xu_GSV2X_Geometry-Aware_Uncertainty_Modeling_and_Orthogonal_Fusion_for_Robust_Roadside_CVPR_2026_paper.pdf,,multi-view roadside perception; camera-LiDAR fusion; Bird’s-Eye-View; 3D Gaussian distributions; geometry-aware uncertainty modeling; sensor calibration errors; learnable perturbations; orthogonal fusion; constrained attention; RCooper dataset,2026-06-06
SIMPLEPOSTER: A SIMPLE BASELINE FOR PRODUCT POSTER GENERATION,https://openaccess.thecvf.com/content/CVPR2026/papers/Cui_SIMPLEPOSTER_A_SIMPLE_BASELINE_FOR_PRODUCT_POSTER_GENERATION_CVPR_2026_paper.pdf,https://arxiv.org/abs/2605.08784,product poster generation; inpainting-based framework; subject preservation; position-controllable text rendering; full-parameter fine-tuning; subject extension artifacts; character-level position encoding; geometry-aware text generation; dense multi-line text layouts; ControlNet-based alternatives,2026-06-06
Towards Policy-Adaptive Image Guardrail: Benchmark and Method,https://openaccess.thecvf.com/content/CVPR2026/papers/Piao_Towards_Policy-Adaptive_Image_Guardrail_Benchmark_and_Method_CVPR_2026_paper.pdf,https://arxiv.org/abs/2603.01228,harmful image guardrail; policy-adaptive safety; vision-language models; cross-policy generalization; SafeEditBench; image-editing models; safe-unsafe image pairs; policy-aware generalization; SafeGuard-VL; reinforcement learning with verifiable rewards,2026-06-06
Sparsity as a Key: Unlocking New Insights from Latent Structures for Out-of-Distribution Detection,https://openaccess.thecvf.com/content/CVPR2026/papers/Oh_Sparsity_as_a_Key_Unlocking_New_Insights_from_Latent_Structures_CVPR_2026_paper.pdf,https://arxiv.org/abs/2604.26409,Sparse Autoencoders; Vision Transformers; [CLS] token; out-of-distribution detection; Top-k SAE; disentangled feature representations; structured latent space; Class Activation Profiles; core energy profile divergence; FPR95,2026-06-06
NAMI: Efficient Image Generation via Bridged Progressive Rectified Flow Transformers,https://openaccess.thecvf.com/content/CVPR2026/papers/Ma_NAMI_Efficient_Image_Generation_via_Bridged_Progressive_Rectified_Flow_Transformers_CVPR_2026_paper.pdf,https://arxiv.org/abs/2503.09242,Bridged Progressive Rectified Flow Transformers; image generation; Flow-based Transformer models; rectified flow; BridgeFlow module; multi-resolution training; piecewise flow; spatial cascading; Diffusion Transformer; NAMI-1K benchmark,2026-06-06
Temporal Equilibrium MeanFlow: Bridging the Scale Gap for One-Step Generation,https://openaccess.thecvf.com/content/CVPR2026/papers/Tu_Temporal_Equilibrium_MeanFlow_Bridging_the_Scale_Gap_for_One-Step_Generation_CVPR_2026_paper.pdf,,Temporal Equilibrium MeanFlow; one-step generation; MeanFlow; temporal scale imbalance; temporal equilibrium weighting; dynamic boundary scheduler; classifier-free guidance; flow-based generation; diffusion-based one-step methods; ImageNet 256×256,2026-06-06
Remedying Target-Domain Astigmatism for Cross-Domain Few-Shot Object Detection,https://openaccess.thecvf.com/content/CVPR2026/papers/Jiang_Remedying_Target-Domain_Astigmatism_for_Cross-Domain_Few-Shot_Object_Detection_CVPR_2026_paper.pdf,https://arxiv.org/abs/2603.18541,cross-domain few-shot object detection; target-domain astigmatism; domain shift; data scarcity; dispersed attention; attention distances; center-periphery attention refinement; class-specific prototypes; background context modeling; textual semantic alignment,2026-06-06
Stealing Split Learning Bottom Models by Recovering Embedding Geometry,https://openaccess.thecvf.com/content/CVPR2026/papers/Zhang_Stealing_Split_Learning_Bottom_Models_by_Recovering_Embedding_Geometry_CVPR_2026_paper.pdf,,vertical federated learning; split learning; bottom model stealing; embedding geometry recovery; honest-but-curious server; embedding channel defenses; contrastive embedding space; neighborhood graph; neighbor-matching loss; out-of-distribution auxiliary data,2026-06-06
SuP: Sub-cloud Driven Point Cloud Registration,https://openaccess.thecvf.com/content/CVPR2026/papers/Fung_SuP_Sub-cloud_Driven_Point_Cloud_Registration_CVPR_2026_paper.pdf,,point cloud registration; low-overlap registration; sub-cloud anchor mining; high-overlap sub-cloud pairs; Dual-phase Sub-cloud Anchor Mining; overlap-guided prior-weighting; feature salience; multi-scale post-weighting network; neighborhood feature consensus; alignment-aware weighting loss,2026-06-06
Low-Resolution Editing is All You Need for High-Resolution Editing,https://openaccess.thecvf.com/content/CVPR2026/papers/Lee_Low-Resolution_Editing_is_All_You_Need_for_High-Resolution_Editing_CVPR_2026_paper.pdf,https://arxiv.org/abs/2511.19945,high-resolution image editing; high-resolution content creation; controllable image manipulation; test-time optimization; patch-wise optimization; detail transfer; patch synchronization; consistency across patches; high-resolution source images; image editing consistency,2026-06-06
"Parse, Search, and Confirmation: Training-Free Aerial Vision-and-Dialog Navigation with Chain-of-Thought Reasoning and Structured Spatial Memory",https://openaccess.thecvf.com/content/CVPR2026/papers/Qi_Parse_Search_and_Confirmation_Training-Free_Aerial_Vision-and-Dialog_Navigation_with_Chain-of-Thought_CVPR_2026_paper.pdf,,Aerial Vision-and-Dialog Navigation; training-free UAV navigation; PSC-AVDN; Parsing-Search-Confirmation reasoning; Structured Spatial Memory; Search Chain-of-Thought; Confirmation Chain-of-Thought; directional grounding; high-altitude observations; structured geometric memory,2026-06-06
Revisiting F-measure Optimization in Multi-Label Classification: A Sampling-based Approach,https://openaccess.thecvf.com/content/CVPR2026/papers/Wang_Revisiting_F-measure_Optimization_in_Multi-Label_Classification_A_Sampling-based_Approach_CVPR_2026_paper.pdf,,F-measure optimization; multi-label classification; optimal prediction rule; multinomial estimators; matrix multiplication reformulation; Fast Fourier Transform; sampling-then-estimation; binary estimators; sparsity in multi-label datasets; consistency guarantees,2026-06-06
WiTTA-Bench: Benchmarking Test-Time Adaptation for WiFi Sensing,https://openaccess.thecvf.com/content/CVPR2026/papers/Li_WiTTA-Bench_Benchmarking_Test-Time_Adaptation_for_WiFi_Sensing_CVPR_2026_paper.pdf,,WiTTA-Bench; WiFi sensing; test-time adaptation; WiFi TTA; domain shifts; OTTA; TTDA; cross-environment shift; cross-subject shift; cross-device shift,2026-06-06
FluoCLIP: Stain-Aware Focus Quality Assessment in Fluorescence Microscopy,https://openaccess.thecvf.com/content/CVPR2026/papers/Park_FluoCLIP_Stain-Aware_Focus_Quality_Assessment_in_Fluorescence_Microscopy_CVPR_2026_paper.pdf,https://arxiv.org/abs/2602.23791,stain-aware focus quality assessment; fluorescence microscopy; stain-dependent optical variations; focus-rank relationships; FluoMix dataset; fluorescent stains; FluoCLIP; vision-language framework; stain-conditioned ordinal reasoning; focus prediction,2026-06-06
PoseD-Flow: Versatile and Guided Flow Matching Model of Human Pose,https://openaccess.thecvf.com/content/CVPR2026/papers/Nadar_PoseD-Flow_Versatile_and_Guided_Flow_Matching_Model_of_Human_Pose_CVPR_2026_paper.pdf,,PoseD-Flow; flow matching; human pose recovery; Riemannian Flow Matching; training-free guidance; 3D human pose; product manifold of joint rotations; Riemannian D-Flow; ODE sampling dynamics; inverse kinematics,2026-06-06
Toward Real-world Infrared Image Super-Resolution: A Unified Autoregressive Framework and Benchmark Dataset,https://openaccess.thecvf.com/content/CVPR2026/papers/Zou_Toward_Real-world_Infrared_Image_Super-Resolution_A_Unified_Autoregressive_Framework_and_CVPR_2026_paper.pdf,https://arxiv.org/abs/2603.04745,infrared image super-resolution; real-world IISR; Real-IISR; thermal-structural guided visual autoregression; Thermal-Structural Guidance module; Condition-Adaptive Codebook; degradation-aware thermal priors; Thermal Order Consistency Loss; FLIR-IISR dataset; optical and sensing degradations,2026-06-06
Cell-Type Prototype-Informed Neural Network for Gene Expression Estimation from Pathology Images,https://openaccess.thecvf.com/content/CVPR2026/papers/Nishimura_Cell-Type_Prototype-Informed_Neural_Network_for_Gene_Expression_Estimation_from_Pathology_CVPR_2026_paper.pdf,https://arxiv.org/abs/2603.18461,gene expression estimation; pathology images; Cell-type Prototype-informed Neural Network; single-cell RNA-sequencing; cell-type prototypes; histology images; cell-type compositional weights; spatial transcriptomics; Spearman correlation; interpretable cell-type contributions,2026-06-06
SelecTKD: Selective Token-Weighted Knowledge Distillation for LLMs,https://openaccess.thecvf.com/content/CVPR2026/papers/Huang_SelecTKD_Selective_Token-Weighted_Knowledge_Distillation_for_LLMs_CVPR_2026_paper.pdf,https://arxiv.org/abs/2510.24021,Selective Token-Weighted Knowledge Distillation; Large Language Models; teacher-student capacity gaps; propose-and-verify procedure; greedy Top-k; non-greedy Spec-k; token acceptance rate; implicit curriculum; objective-agnostic distillation; vision-language models,2026-06-06
Prune2Drive: A Plug-and-Play Framework for Accelerating Vision-Language Models in Autonomous Driving,https://openaccess.thecvf.com/content/CVPR2026/papers/Xiong_Prune2Drive_A_Plug-and-Play_Framework_for_Accelerating_Vision-Language_Models_in_Autonomous_CVPR_2026_paper.pdf,https://arxiv.org/abs/2508.13305,Vision-Language Models; autonomous driving; visual token pruning; multi-view images; diversity-aware token selection; view-adaptive pruning controller; camera importance; efficient attention; DriveLM benchmark; inference acceleration,2026-06-06
VGGT-360: Geometry-Consistent Zero-Shot Panoramic Depth Estimation,https://openaccess.thecvf.com/content/CVPR2026/papers/Yuan_VGGT-360_Geometry-Consistent_Zero-Shot_Panoramic_Depth_Estimation_CVPR_2026_paper.pdf,https://arxiv.org/abs/2603.18943,VGGT-360; zero-shot panoramic depth estimation; geometry-consistent depth estimation; panoramic reprojection; multi-view 3D reconstruction; VGGT-like foundation models; uncertainty-guided adaptive projection; structure-saliency enhanced attention; correlation-weighted 3D model correction; panorama-to-3D-to-depth framework,2026-06-06
LitePT: Lighter Yet Stronger Point Transformer,https://openaccess.thecvf.com/content/CVPR2026/papers/Yue_LitePT_Lighter_Yet_Stronger_Point_Transformer_CVPR_2026_paper.pdf,https://arxiv.org/abs/2512.13689,3D point cloud processing; Point Transformer; 3D point cloud backbone; convolutional layers; attention blocks; low-level geometry extraction; high-level semantics; 3D positional encoding; PointROPE; parameter-efficient architecture,2026-06-06
Domain-Skewed Federated Learning with Feature Decoupling and Calibration,https://openaccess.thecvf.com/content/CVPR2026/papers/Wang_Domain-Skewed_Federated_Learning_with_Feature_Decoupling_and_Calibration_CVPR_2026_paper.pdf,https://arxiv.org/abs/2603.14238,federated learning; domain skew; feature decoupling; feature calibration; Federated Feature Decoupling and Calibration; Domain Feature Decoupler; Domain Feature Corrector; domain-robust features; domain-aware aggregation; multi-domain datasets,2026-06-06
MoBind: Motion Binding for Fine-Grained IMU-Video Pose Alignment,https://openaccess.thecvf.com/content/CVPR2026/papers/Nguyen_MoBind_Motion_Binding_for_Fine-Grained_IMU-Video_Pose_Alignment_CVPR_2026_paper.pdf,https://arxiv.org/abs/2602.19004,IMU-video pose alignment; inertial measurement unit signals; 2D pose sequences; cross-modal retrieval; temporal synchronization; body-part localization; action recognition; hierarchical contrastive learning; skeletal motion sequences; multi-sensor alignment,2026-06-06
Beyond the Static World: Continual Category Discovery under Visual Drift,https://openaccess.thecvf.com/content/CVPR2026/papers/Feng_Beyond_the_Static_World_Continual_Category_Discovery_under_Visual_Drift_CVPR_2026_paper.pdf,,Generalized Category Discovery; Continual Category Discovery; Open Continual Category Discovery; visual drift; streaming unlabeled data; domain shifts; partial unbalanced optimal transport; binary response spectrum quantization; cross-domain semantic alignment; category topology consistency,2026-06-06
Visual Personalization Turing Test,https://openaccess.thecvf.com/content/CVPR2026/papers/Abdal_Visual_Personalization_Turing_Test_CVPR_2026_paper.pdf,https://arxiv.org/abs/2601.22680,Visual Personalization Turing Test; contextual visual personalization; perceptual indistinguishability; VPTT Framework; VPTT-Bench; visual retrieval-augmented generator; VPRAG; VPTT Score; VLM judgments; personalized generative AI,2026-06-06
Multimodal Distribution Matching for Vision-Language Dataset Distillation,https://openaccess.thecvf.com/content/CVPR2026/papers/Jeong_Multimodal_Distribution_Matching_for_Vision-Language_Dataset_Distillation_CVPR_2026_paper.pdf,,Dataset distillation; vision-language dataset distillation; Multimodal Distribution Matching; multimodal distillation; synthetic image-text pairs; joint embedding space; mixed teacher model; weight-space interpolation; unit hypersphere distribution matching; symmetric contrastive learning,2026-06-06
HAMMER: Harnessing MLLMs via Cross-Modal Integration for Intention-Driven 3D Affordance Grounding,https://openaccess.thecvf.com/content/CVPR2026/papers/Yao_HAMMER_Harnessing_MLLMs_via_Cross-Modal_Integration_for_Intention-Driven_3D_Affordance_CVPR_2026_paper.pdf,https://arxiv.org/abs/2603.02329,3D affordance grounding; multimodal large language models; interaction intention; contact-aware embedding; textual affordance labels; hierarchical cross-modal integration; 3D representation refinement; multi-granular geometry lifting; 3D affordance localization; corrupted benchmark,2026-06-06
"Localizing, Structuring, and Rendering: Bridging 3D and 2D Vision-Language-Action Models for Robotic Manipulation",https://openaccess.thecvf.com/content/CVPR2026/papers/Zhao_Localizing_Structuring_and_Rendering_Bridging_3D_and_2D_Vision-Language-Action_Models_CVPR_2026_paper.pdf,,DiffRender-VLA; differentiable rendering; Vision-Language-Action models; robotic manipulation; 3D VLAs; 2D VLAs; spatial global grounding; gradient-consistent visual mediation; adaptive viewpoint rendering; end-effector target localization,2026-06-06
Masked-Diffusion Autoencoders for 3D Medical Vision Representation Learning,https://openaccess.thecvf.com/content/CVPR2026/papers/Tu_Masked-Diffusion_Autoencoders_for_3D_Medical_Vision_Representation_Learning_CVPR_2026_paper.pdf,,Masked-Diffusion Autoencoders; 3D medical imaging; self-supervised representation learning; masked image modeling; diffusion corruption; spatial masking; visible region denoising; structure-texture representations; brain MRI; cross-modal generalization,2026-06-06
Hidden Monotonicity: Explaining Deep Neural Networks via their DC Decomposition,https://openaccess.thecvf.com/content/CVPR2026/papers/Zimmermann_Hidden_Monotonicity_Explaining_Deep_Neural_Networks_via_their_DC_Decomposition_CVPR_2026_paper.pdf,https://arxiv.org/abs/2601.07700,monotonicity; explainable neural networks; DC decomposition; ReLU network decomposition; monotone convex parts; saliency methods; SplitCAM; SplitLRP; Quantus saliency metrics; self-explainability,2026-06-06
DriveVLN: Towards Mapless Vision-and-Language Navigation in Autonomous Driving,https://openaccess.thecvf.com/content/CVPR2026/papers/Guo_DriveVLN_Towards_Mapless_Vision-and-Language_Navigation_in_Autonomous_Driving_CVPR_2026_paper.pdf,,mapless autonomous driving; Vision-and-Language Navigation; language-driven navigation; natural-language destination descriptions; visual and linguistic priors; CARLA-based simulation; closed-loop evaluation; real road scan reconstruction; supervised fine-tuning; reinforcement learning,2026-06-06
TGT: Text-Grounded Trajectories for Locally Controlled Video Generation,https://openaccess.thecvf.com/content/CVPR2026/papers/Zhang_TGT_Text-Grounded_Trajectories_for_Locally_Controlled_Video_Generation_CVPR_2026_paper.pdf,https://arxiv.org/abs/2510.15104,text-to-video generation; Text-Grounded Trajectories; locally controlled video generation; localized text descriptions; point trajectories; motion handles; Location-Aware Cross-Attention; dual-CFG; multi-object control; motion controllability,2026-06-06
Talk2Move: Reinforcement Learning for Text-Instructed Object-Level Geometric Transformation in Scenes,https://openaccess.thecvf.com/content/CVPR2026/papers/Tan_Talk2Move_Reinforcement_Learning_for_Text-Instructed_Object-Level_Geometric_Transformation_in_Scenes_CVPR_2026_paper.pdf,https://arxiv.org/abs/2601.02356,text-instructed spatial transformation; object-level geometric transformation; reinforcement learning; diffusion framework; Group Relative Policy Optimization; spatial reward guided model; off-policy step evaluation; active step sampling; object-centric spatial rewards; text-guided image editing,2026-06-06
Linear Fundamental Matrix Estimation from 7 or 5 Points,https://openaccess.thecvf.com/content/CVPR2026/papers/Kucukpinar_Linear_Fundamental_Matrix_Estimation_from_7_or_5_Points_CVPR_2026_paper.pdf,,fundamental matrix estimation; perspective cameras; geometric computer vision; point correspondences; 7-point algorithm; calibrated 5-point solver; linear minimal solver; special point-line configuration; virtual midpoints; early non-minimal fitting,2026-06-06
Training-free Motion Factorization for Compositional Video Generation,https://openaccess.thecvf.com/content/CVPR2026/papers/Wang_Training-free_Motion_Factorization_for_Compositional_Video_Generation_CVPR_2026_paper.pdf,https://arxiv.org/abs/2603.09104,compositional video generation; motion factorization; motionlessness; rigid motion; non-rigid motion; motion graph; planning before generation; motion cues; diffusion model architectures; motion synthesis,2026-06-06
Decouple Your Discovery and Memory in Continual Generalized Category Discovery,https://openaccess.thecvf.com/content/CVPR2026/papers/Yu_Decouple_Your_Discovery_and_Memory_in_Continual_Generalized_Category_Discovery_CVPR_2026_paper.pdf,,Continual Generalized Category Discovery; category discovery; unlabeled data; anti-forgetting strategies; stability-plasticity trade-off; dual-branch architecture; novel class recognition; old class memorization; knowledge retention; recursive category consolidation,2026-06-06
Synthesizing Visual Concepts as Vision-Language Programs,https://openaccess.thecvf.com/content/CVPR2026/papers/Wust_Synthesizing_Visual_Concepts_as_Vision-Language_Programs_CVPR_2026_paper.pdf,,Vision-Language Programs; vision-language models; systematic visual reasoning; inductive reasoning; neuro-symbolic program synthesis; structured visual descriptions; symbolic program synthesis; human-interpretable explanations; shortcut mitigation; complex logical reasoning,2026-06-06
Learning Scene Coordinate Reconstruction from Unposed Images via Pose Graph Optimization,https://openaccess.thecvf.com/content/CVPR2026/papers/Tse_Learning_Scene_Coordinate_Reconstruction_from_Unposed_Images_via_Pose_Graph_CVPR_2026_paper.pdf,,pose graph optimization; ACE-Zero; learning-based structure-from-motion; scene coordinate reconstruction; unposed images; camera pose estimation; relative pose constraints; uncertainty-aware optimization; epipolar consistency; optical flow consistency,2026-06-06
Memory-Augmented Scene Understanding and Exploration for Open-World Aerial Object-Goal Navigation,https://openaccess.thecvf.com/content/CVPR2026/papers/Zhou_Memory-Augmented_Scene_Understanding_and_Exploration_for_Open-World_Aerial_Object-Goal_Navigation_CVPR_2026_paper.pdf,,Aerial ObjectNav; Unmanned Aerial Vehicle navigation; open-world aerial object-goal navigation; OctMem-Agent; octree memory representation; RGB-D observation aggregation; hierarchical 3D representation; unexplored frontiers; instruction-guided memory query; UAV-ON benchmark,2026-06-06
GTR-Turbo: Merged Checkpoint is Secretly a Free Teacher for Agentic VLM Training,https://openaccess.thecvf.com/content/CVPR2026/papers/Wei_GTR-Turbo_Merged_Checkpoint_is_Secretly_a_Free_Teacher_for_Agentic_CVPR_2026_paper.pdf,https://arxiv.org/abs/2512.13043,GTR-Turbo; multi-turn reinforcement learning; vision-language models; multi-modal agents; sparse rewards; long-horizon credit assignment; checkpoint weight merging; free teacher model; soft logit distillation; entropy collapse,2026-06-06
ReMoGen: Real-time Human Interaction-to-Reaction Generation via Modular Learning from Diverse Data,https://openaccess.thecvf.com/content/CVPR2026/papers/Ye_ReMoGen_Real-time_Human_Interaction-to-Reaction_Generation_via_Modular_Learning_from_Diverse_CVPR_2026_paper.pdf,https://arxiv.org/abs/2604.01082,real-time interaction-to-reaction generation; human motion generation; modular learning; universal motion prior; Meta-Interaction modules; segment-level generation; Frame-wise Segment Refinement; human-human interaction; human-scene interaction; temporal coherence,2026-06-06
PALM: Progress-Aware Policy Learning via Affordance Reasoning for Long-Horizon Robotic Manipulation,https://openaccess.thecvf.com/content/CVPR2026/papers/Liu_PALM_Progress-Aware_Policy_Learning_via_Affordance_Reasoning_for_Long-Horizon_Robotic_CVPR_2026_paper.pdf,https://arxiv.org/abs/2601.07060,vision-language-action models; long-horizon robotic manipulation; progress-aware policy learning; affordance reasoning; subtask progress cues; affordance representations; visuomotor control; contact geometry; motion dynamics; LIBERO-LONG,2026-06-06
DSFlash: Comprehensive Panoptic Scene Graph Generation in Realtime,https://openaccess.thecvf.com/content/CVPR2026/papers/Lorenz_DSFlash_Comprehensive_Panoptic_Scene_Graph_Generation_in_Realtime_CVPR_2026_paper.pdf,https://arxiv.org/abs/2603.10538,panoptic scene graph generation; Scene Graph Generation; low-latency model; realtime video stream processing; resource constrained edge devices; comprehensive scene graphs; salient relationships; embodied agent reasoning; resource-efficient training; DSFlash,2026-06-06
Reliev3R: Relieving Feed-forward 3D Reconstruction from Multi-View Geometric Annotations,https://openaccess.thecvf.com/content/CVPR2026/papers/Chen_Reliev3R_Relieving_Feed-forward_3D_Reconstruction_from_Multi-View_Geometric_Annotations_CVPR_2026_paper.pdf,,Feed-forward Reconstruction Models; weakly-supervised 3D reconstruction; multi-view geometric annotations; 3D point maps; camera poses; monocular relative depth; sparse image correspondences; zero-shot pretrained models; relative depth loss; reprojection loss,2026-06-06
AdapTok: Learning Adaptive and Temporally Causal Video Tokenization in a 1D Latent Space,https://openaccess.thecvf.com/content/CVPR2026/papers/Li_AdapTok_Learning_Adaptive_and_Temporally_Causal_Video_Tokenization_in_a_CVPR_2026_paper.pdf,,adaptive video tokenization; temporal causal video tokenizer; 1D latent space; block-wise masking; block causal scorer; adaptive token allocation; integer linear programming; content-aware token budgeting; video reconstruction; generative video modeling,2026-06-06
Attend Before Attention: Efficient and Scalable Video Understanding via Autoregressive Gazing,https://openaccess.thecvf.com/content/CVPR2026/papers/Shi_Attend_Before_Attention_Efficient_and_Scalable_Video_Understanding_via_Autoregressive_CVPR_2026_paper.pdf,https://arxiv.org/abs/2603.12254,AutoGaze; autoregressive gazing; video understanding; multi-modal large language models; redundant patch removal; visual token reduction; multi-scale patches; long high-resolution videos; VideoMME; HLVid,2026-06-06
Text-guided Feature Disentanglement for Cross-modal Gait Recognition,https://openaccess.thecvf.com/content/CVPR2026/papers/Lu_Text-guided_Feature_Disentanglement_for_Cross-modal_Gait_Recognition_CVPR_2026_paper.pdf,,cross-modal gait recognition; LiDAR-Camera Cross-modal Gait Recognition; modality gap; 2D videos; 3D point cloud sequences; Text-guided Cross-modal Feature Disentanglement Network; modality-aware textual priors; Gait Modality Text Dictionary; CLIP-based Multi-grained Feature Encoder; residual decomposition,2026-06-06
Point Cloud as a Foreign Language for Multi-modal Large Language Model,https://openaccess.thecvf.com/content/CVPR2026/papers/Paul_Point_Cloud_as_a_Foreign_Language_for_Multi-modal_Large_Language_CVPR_2026_paper.pdf,https://arxiv.org/abs/2603.09173,multi-modal large language models; 3D understanding; raw point clouds; end-to-end 3D MLLM; 3D tokenizer; geometric sampling; neighbourhood aggregation; vector quantization; preference optimization; open-ended 3D question answering,2026-06-06
Training-Free Open-Vocabulary Camouflaged Object Segmentation via Fine-Grained Object Binding and Adaptive Hybrid Prompt,https://openaccess.thecvf.com/content/CVPR2026/papers/Ren_Training-Free_Open-Vocabulary_Camouflaged_Object_Segmentation_via_Fine-Grained_Object_Binding_and_CVPR_2026_paper.pdf,,open-vocabulary camouflaged object segmentation; training-free segmentation; fine-grained object binding; adaptive hybrid prompt; vision-language models; CLIP; multimodal large language models; semantic consistency ranking; entropy-guided text embedding adjustment; Segment Anything Model,2026-06-06
RAVEN: Radar Adaptive Vision Encoders for Efficient Chirp-wise Object Detection and Segmentation,https://openaccess.thecvf.com/content/CVPR2026/papers/Sen_RAVEN_Radar_Adaptive_Vision_Encoders_for_Efficient_Chirp-wise_Object_Detection_CVPR_2026_paper.pdf,https://arxiv.org/abs/2604.04490,FMCW radar perception; raw ADC data; chirp-wise streaming; MIMO structure; receiver state-space encoders; cross-antenna mixing; virtual-array features; early-exit mechanism; object detection; BEV free-space segmentation,2026-06-06
Generative Video Motion Editing with 3D Point Tracks,https://openaccess.thecvf.com/content/CVPR2026/papers/Lee_Generative_Video_Motion_Editing_with_3D_Point_Tracks_CVPR_2026_paper.pdf,https://arxiv.org/abs/2512.02015,generative video motion editing; 3D point tracks; track-conditioned V2V framework; camera motion editing; object motion editing; video-to-video generation; sparse correspondences; spatiotemporal coherence; depth cues; non-rigid deformation,2026-06-06
Event6D: Event-based Novel Object 6D Pose Tracking,https://openaccess.thecvf.com/content/CVPR2026/papers/Kang_Event6D_Event-based_Novel_Object_6D_Pose_Tracking_CVPR_2026_paper.pdf,https://arxiv.org/abs/2603.28045,event cameras; 6D object pose tracking; novel objects; event-depth tracking; intensity reconstruction; depth reconstruction; sparse event streams; temporal consistency; synthetic dataset; real-world generalization,2026-06-06
FLOW: Optimal Transport-Driven Feature Warping for Generalized Remote Physiological Measurement,https://openaccess.thecvf.com/content/CVPR2026/papers/Zhao_FLOW_Optimal_Transport-Driven_Feature_Warping_for_Generalized_Remote_Physiological_Measurement_CVPR_2026_paper.pdf,,remote photoplethysmography; domain-generalized rPPG; optimal transport; feature-level optimal warping; Temporal Refinement Module; cross-temporal optimal transport; learnable prototypes; temporal feature alignment; physiological signal rhythmic patterns; cross-domain physiological measurement,2026-06-06
Region-Wise Correspondence Prediction between Manga Line Art Images,https://openaccess.thecvf.com/content/CVPR2026/papers/Li_Region-Wise_Correspondence_Prediction_between_Manga_Line_Art_Images_CVPR_2026_paper.pdf,https://arxiv.org/abs/2509.09501,region-wise correspondence prediction; manga line art images; line art colorization; in-between frame generation; Transformer-based framework; automatically generated region correspondences; patch-level feature alignment; edge-aware clustering; region matching; manually annotated benchmarks,2026-06-06
Unsupervised Multi-agent and Single-agent Perception from Cooperative Views,https://openaccess.thecvf.com/content/CVPR2026/papers/Yang_Unsupervised_Multi-agent_and_Single-agent_Perception_from_Cooperative_Views_CVPR_2026_paper.pdf,https://arxiv.org/abs/2604.05354,LiDAR-based perception; multi-agent perception; single-agent perception; cooperative views; unsupervised 3D object detection; point cloud density cooperation; pseudo labels; curriculum learning; Cross-View Consensus Learning; Proposal Purifying Filter,2026-06-06
MeanFuser: Fast One-Step Multi-Modal Trajectory Generation and Adaptive Reconstruction via MeanFlow for End-to-End Autonomous Driving,https://openaccess.thecvf.com/content/CVPR2026/papers/Wang_MeanFuser_Fast_One-Step_Multi-Modal_Trajectory_Generation_and_Adaptive_Reconstruction_via_CVPR_2026_paper.pdf,https://arxiv.org/abs/2602.20060,MeanFuser; multi-modal trajectory generation; end-to-end autonomous driving; Gaussian Mixture Noise; MeanFlow Identity; flow matching; trajectory planning; adaptive reconstruction module; continuous trajectory representation; NAVSIM closed-loop benchmark,2026-06-06
CLIP-like Model as a Foundational Density Ratio Estimator,https://openaccess.thecvf.com/content/CVPR2026/papers/Uchiyama_CLIP-like_Model_as_a_Foundational_Density_Ratio_Estimator_CVPR_2026_paper.pdf,https://arxiv.org/abs/2506.22881,density ratio estimation; CLIP-style models; vision-language encoders; contrastive objectives; log density ratios; Importance Weight Learning; KL divergence estimation; multimodal data; KL-guided data curation; LAION2B filtering,2026-06-06
Edges Compete for Trust: Group Relative Edge Optimization for Building Reconstruction from Point Clouds,https://openaccess.thecvf.com/content/CVPR2026/papers/Liu_Edges_Compete_for_Trust_Group_Relative_Edge_Optimization_for_Building_CVPR_2026_paper.pdf,,building reconstruction; point clouds; compact wireframes; edge-based methods; Group Relative Edge Optimization; wireframe reconstruction; reinforcement learning-style optimization; edge-level rewards; group-wise normalization; entropy regularization,2026-06-06
CycleManip: Enabling Cycle-based Manipulation via Effective History Perception and Understanding,https://openaccess.thecvf.com/content/CVPR2026/papers/Wei_CycleManip_Enabling_Cycle-based_Manipulation_via_Effective_History_Perception_and_Understanding_CVPR_2026_paper.pdf,,cycle-based manipulation; robot manipulation; repetitive actions; expected terminal time; imitation learning; history perception; cost-aware sampling; multi-task learning; automatic evaluation; Vision-Language-Action models,2026-06-06
Wave-Former: Through-Occlusion 3D Reconstruction via Wireless Shape Completion,https://openaccess.thecvf.com/content/CVPR2026/papers/Dodds_Wave-Former_Through-Occlusion_3D_Reconstruction_via_Wireless_Shape_Completion_CVPR_2026_paper.pdf,https://arxiv.org/abs/2511.14152,through-occlusion 3D reconstruction; wireless shape completion; millimeter-wave signals; hidden object reconstruction; physics-aware shape completion; 3D geometry inference; transformer-based shape completion; entropy-guided surface selection; synthetic point clouds; real-world generalization,2026-06-06
ELVIS: Enhance Low-Light for Video Instance Segmentation in the Dark,https://openaccess.thecvf.com/content/CVPR2026/papers/Lin_ELVIS_Enhance_Low-Light_for_Video_Instance_Segmentation_in_the_Dark_CVPR_2026_paper.pdf,https://arxiv.org/abs/2512.01495,video instance segmentation; low-light videos; domain adaptation; synthetic low-light video pipeline; temporal degradations; spatial degradations; degradation profile estimation; VDP-Net; enhancement decoder head; low-light YouTube-VIS 2019,2026-06-06
End-to-End Hyper-Relational Information Extraction for Engineering Diagrams via Dynamically Tokenized Relation Transformer,https://openaccess.thecvf.com/content/CVPR2026/papers/Bai_End-to-End_Hyper-Relational_Information_Extraction_for_Engineering_Diagrams_via_Dynamically_Tokenized_CVPR_2026_paper.pdf,,engineering diagram parsing; hyper-relational information extraction; Dynamically Tokenized Relation Transformer; dynamic token reduction; structural knowledge extraction; hyper-relational knowledge graphs; piping and instrumentation diagrams; electrical diagrams; topological connection semantics; scene graph parsing,2026-06-06
SkySense-VITA: Towards Universal In-context Segmentation of Multi-modal Remote Sensing Imagery,https://openaccess.thecvf.com/content/CVPR2026/papers/Wu_SkySense-VITA_Towards_Universal_In-context_Segmentation_of_Multi-modal_Remote_Sensing_Imagery_CVPR_2026_paper.pdf,,in-context segmentation; multi-modal remote sensing imagery; optical-SAR alignment; Synthetic Aperture Radar imagery; visual-textual fused prompts; prompt-and-prediction decoupling; VITA-Former; VITA-Decoder; Semantic Granularity Annealing; Sky-VT-300k,2026-06-06
Phrase-grounded APO for Improving Chest X-ray Report Generation,https://openaccess.thecvf.com/content/CVPR2026/papers/Mahmood_Phrase-grounded_APO_for_Improving_Chest_X-ray_Report_Generation_CVPR_2026_paper.pdf,,phrase-grounded automatic preference optimization; chest X-ray report generation; radiology report generator; factual correctness; inference-time alignment; surrogate ground truth preference data; fact-checking; LLM-prompted correction; APO loss function; phrasal grounding loss,2026-06-06
MMLandmarks: a Cross-View Instance-Level Benchmark for Geo-Spatial Understanding,https://openaccess.thecvf.com/content/CVPR2026/papers/Kristoffersen_MMLandmarks_a_Cross-View_Instance-Level_Benchmark_for_Geo-Spatial_Understanding_CVPR_2026_paper.pdf,,MMLandmarks; geo-spatial understanding; multimodal landmark dataset; cross-view instance-level benchmark; aerial images; ground-view images; landmark-level correspondence; Ground-to-Satellite retrieval; geolocalization; Text-to-GPS retrieval,2026-06-06
Flow Matching for Multimodal Distributions,https://openaccess.thecvf.com/content/CVPR2026/papers/Luo_Flow_Matching_for_Multimodal_Distributions_CVPR_2026_paper.pdf,,flow matching; multimodal distributions; union-of-manifold structures; flow-based generative models; Mixture-Modeling Flow Matching; Gaussian mixture models; mode-dependent data coupling; vision foundation models; DINOv2-B latents; unconditional image generation,2026-06-06
ParkGaussian: Surround-view 3D Gaussian Splatting for Autonomous Parking,https://openaccess.thecvf.com/content/CVPR2026/papers/Wei_ParkGaussian_Surround-view_3D_Gaussian_Splatting_for_Autonomous_Parking_CVPR_2026_paper.pdf,https://arxiv.org/abs/2601.01386,ParkGaussian; ParkRecon3D; 3D Gaussian Splatting; autonomous parking; parking scene reconstruction; surround-view fisheye cameras; parking slot detection; slot-aware reconstruction; perception consistency; GPS-denied environments,2026-06-06
Hearing the Room Through the Shape of the Drum: Modal-Guided Sound Recovery from Multi-Point Surface Vibrations,https://openaccess.thecvf.com/content/CVPR2026/papers/Bagon_Hearing_the_Room_Through_the_Shape_of_the_Drum_Modal-Guided_CVPR_2026_paper.pdf,https://arxiv.org/abs/2604.26678,optical vibration sensing; visual microphones; sound recovery; solid object vibrations; speckle-based vibrometry; multi-point surface vibrations; multi-axis vibrations; vibrational modes; physics-guided vibration formation model; resonant transfer function,2026-06-06
MorphAny3D: Unleashing the Power of Structured Latent in 3D Morphing,https://openaccess.thecvf.com/content/CVPR2026/papers/Sun_MorphAny3D_Unleashing_the_Power_of_Structured_Latent_in_3D_Morphing_CVPR_2026_paper.pdf,https://arxiv.org/abs/2601.00204,3D morphing; Structured Latent representations; training-free framework; Morphing Cross-Attention; Temporal-Fused Self-Attention; 3D generators; temporal consistency; cross-category morphing; orientation correction; 3D style transfer,2026-06-06
Push-and-Step: From RL-Based Balance Recovery to Physical Simulation of Dense Crowds,https://openaccess.thecvf.com/content/CVPR2026/papers/Jensen_Push-and-Step_From_RL-Based_Balance_Recovery_to_Physical_Simulation_of_Dense_CVPR_2026_paper.pdf,,physics-based crowd simulation; balance recovery; dense crowds; deep reinforcement learning; anthropomorphic simulation; push propagation; contact forces; hand contact stabilization; socially aware interactions; collective behavior,2026-06-06
HFR and HDR Video from Multi-Attenuated Spikes Using a Rapidly Rotating SpokeND Filter,https://openaccess.thecvf.com/content/CVPR2026/papers/Chang_HFR_and_HDR_Video_from_Multi-Attenuated_Spikes_Using_a_Rapidly_CVPR_2026_paper.pdf,,HDR video; high-frame-rate video; spike camera; multi-attenuated spikes; rotating neutral density filter; SpokeND filter; single-sensor HDR reconstruction; ReST-Net; relative gain recovery; temporal fluctuation removal,2026-06-06
FEAST: Fully Connected Expressive Attention for Spatial Transcriptomics,https://openaccess.thecvf.com/content/CVPR2026/papers/Jeong_FEAST_Fully_Connected_Expressive_Attention_for_Spatial_Transcriptomics_CVPR_2026_paper.pdf,https://arxiv.org/abs/2603.25247,Spatial Transcriptomics; spatially-resolved gene expression; whole slide images; gene expression prediction; graph neural networks; fully connected graph; negative-aware attention; excitatory and inhibitory interactions; off-grid sampling; biologically plausible attention maps,2026-06-06
InterAgent: Physics-based Multi-agent Command Execution via Diffusion on Interaction Graphs,https://openaccess.thecvf.com/content/CVPR2026/papers/Li_InterAgent_Physics-based_Multi-agent_Command_Execution_via_Diffusion_on_Interaction_Graphs_CVPR_2026_paper.pdf,https://arxiv.org/abs/2512.07410,physics-based multi-agent humanoid control; text-driven humanoid control; autoregressive diffusion transformer; multi-stream blocks; interaction graph exteroception; joint-to-joint spatial dependencies; sparse edge-based attention; inter-agent spatial relations; multi-agent behavior generation; cross-modal interference mitigation,2026-06-06
Open-world Hand-Object Interaction Video Generation Based on Structure and Contact-aware Representation,https://openaccess.thecvf.com/content/CVPR2026/papers/Yan_Open-world_Hand-Object_Interaction_Video_Generation_Based_on_Structure_and_Contact-aware_CVPR_2026_paper.pdf,https://arxiv.org/abs/2512.01677,hand-object interaction video generation; structure and contact-aware representation; hand-object contact; hand-object occlusion; holistic structure context; interaction physics; open-world scenarios; joint-generation paradigm; share-and-specialization strategy; temporally coherent HOI videos,2026-06-06
Unifying Language-Action Understanding and Generation for Autonomous Driving,https://openaccess.thecvf.com/content/CVPR2026/papers/Wang_Unifying_Language-Action_Understanding_and_Generation_for_Autonomous_Driving_CVPR_2026_paper.pdf,https://arxiv.org/abs/2603.01441,Vision-Language-Action models; autonomous driving; LinkVLA; language-action alignment; shared discrete codebook; multi-modal model; auxiliary action understanding; trajectory captioning; coarse-to-fine action generation; closed-loop driving benchmarks,2026-06-06
Tackling Model Bias via Game-theoretic Multi-agent Collaboration Framework for Hateful Meme Classification,https://openaccess.thecvf.com/content/CVPR2026/papers/Wei_Tackling_Model_Bias_via_Game-theoretic_Multi-agent_Collaboration_Framework_for_Hateful_CVPR_2026_paper.pdf,,hateful meme classification; large multimodal models; model bias; cognitive biases; game-theoretic multi-agent collaboration; cooperative equilibrium; mixed bonus scheme; cross-model agreement; efficient policy learning; training stability,2026-06-06
ProFocus: Proactive Perception and Focused Reasoning in Vision-and-Language Navigation,https://openaccess.thecvf.com/content/CVPR2026/papers/Xue_ProFocus_Proactive_Perception_and_Focused_Reasoning_in_Vision-and-Language_Navigation_CVPR_2026_paper.pdf,https://arxiv.org/abs/2603.05530,Vision-and-Language Navigation; ProFocus; proactive perception; focused reasoning; ego-centric semantic maps; targeted visual queries; focus regions; Branch-Diverse Monte Carlo Tree Search; high-value waypoints; zero-shot navigation,2026-06-06
PackUV: Packed Gaussian UV Maps for 4D Volumetric Video,https://openaccess.thecvf.com/content/CVPR2026/papers/Rai_PackUV_Packed_Gaussian_UV_Maps_for_4D_Volumetric_Video_CVPR_2026_paper.pdf,https://arxiv.org/abs/2602.23040,PackUV; packed Gaussian UV maps; 4D volumetric video; 4D Gaussian representation; Gaussian Splatting; multi-scale UV atlas; PackUV-GS; flow-guided Gaussian labeling; video keyframing; PackUV-2B dataset,2026-06-06
Ego2Web: A Web Agent Benchmark Grounded in Egocentric Videos,https://openaccess.thecvf.com/content/CVPR2026/papers/Yu_Ego2Web_A_Web_Agent_Benchmark_Grounded_in_Egocentric_Videos_CVPR_2026_paper.pdf,https://arxiv.org/abs/2603.22529,egocentric video perception; web agent benchmark; multimodal AI agents; web task execution; first-person video recordings; visual understanding; web task planning; LLM-as-a-Judge evaluation; automatic data-generation pipeline; video-task pairs,2026-06-06
Unlocking Strong Supervision: A Data-Centric Study of General-Purpose Audio Pre-Training Methods,https://openaccess.thecvf.com/content/CVPR2026/papers/Zhou_Unlocking_Strong_Supervision_A_Data-Centric_Study_of_General-Purpose_Audio_Pre-Training_CVPR_2026_paper.pdf,https://arxiv.org/abs/2603.25767,audio pre-training; unified audio representations; strong supervision; weak noisy labels; data-centric pipeline; high-fidelity captioner; SOTA-quality captions; Unified Tag System; pre-training objectives; downstream task specialization,2026-06-06
UniDAC: Universal Metric Depth Estimation for Any Camera,https://openaccess.thecvf.com/content/CVPR2026/papers/Ganesan_UniDAC_Universal_Metric_Depth_Estimation_for_Any_Camera_CVPR_2026_paper.pdf,https://arxiv.org/abs/2603.27105,monocular metric depth estimation; cross-camera generalization; fisheye cameras; 360-degree cameras; relative depth prediction; spatially varying scale estimation; Depth-Guided Scale Estimation; distortion-aware positional embedding; Equi-Rectangular Projections; RoPE-phi,2026-06-06
Beyond Scanpaths: Graph-Based Gaze Simulation in Dynamic Scenes,https://openaccess.thecvf.com/content/CVPR2026/papers/Palmer_Beyond_Scanpaths_Graph-Based_Gaze_Simulation_in_Dynamic_Scenes_CVPR_2026_paper.pdf,https://arxiv.org/abs/2603.28319,graph-based gaze simulation; dynamic driving scenes; autoregressive gaze modelling; raw gaze trajectories; gaze-centric graphs; Affinity Relation Transformer; heterogeneous graph transformer; Object Density Network; next-step gaze distributions; Focus100 dataset,2026-06-06
StreamingTOM: Streaming Token Compression for Efficient Video Understanding,https://openaccess.thecvf.com/content/CVPR2026/papers/Chen_StreamingTOM_Streaming_Token_Compression_for_Efficient_Video_Understanding_CVPR_2026_paper.pdf,https://arxiv.org/abs/2510.18269,streaming video understanding; video vision-language models; token compression; causal temporal reduction; online quantized memory; pre-LLM prefill; kv-cache compression; token saliency; 4-bit token storage; training-free methods,2026-06-06
Haptic Neural Fields: Bringing Tactile Interactions to 3D Rendered Scenes,https://openaccess.thecvf.com/content/CVPR2026/papers/Stefani_Haptic_Neural_Fields_Bringing_Tactile_Interactions_to_3D_Rendered_Scenes_CVPR_2026_paper.pdf,,haptic neural fields; tactile interactions; 3D rendered scenes; neural scene representations; haptic response generation; vibrotactile signals; simulated interactions; geometry-conditioned neural fields; interaction dynamics; touch-aware virtual environments,2026-06-06
HUMORCHAIN: Theory-Guided Multi-Stage Reasoning for Interpretable Multimodal Humor Generation,https://openaccess.thecvf.com/content/CVPR2026/papers/Zhang_HUMORCHAIN_Theory-Guided_Multi-Stage_Reasoning_for_Interpretable_Multimodal_Humor_Generation_CVPR_2026_paper.pdf,https://arxiv.org/abs/2511.21732,multimodal humor generation; HUMORCHAIN; theory-guided multi-stage reasoning; image captioning; visual semantic parsing; humor theory; psychology-based reasoning; fine-tuned humor discriminator; interpretable cognitive reasoning chain; semantic diversity,2026-06-06
Goal Force: Teaching Video Models To Accomplish Physics-Conditioned Goals,https://openaccess.thecvf.com/content/CVPR2026/papers/Gillman_Goal_Force_Teaching_Video_Models_To_Accomplish_Physics-Conditioned_Goals_CVPR_2026_paper.pdf,https://arxiv.org/abs/2601.05848,physics-conditioned goals; video generation; world models; force vectors; intermediate dynamics; synthetic causal primitives; elastic collisions; falling dominos; zero-shot generalization; implicit neural physics simulators,2026-06-06
Selectively Extracting and Injecting Visual Attributes into Text-to-Image Models,https://openaccess.thecvf.com/content/CVPR2026/papers/Choi_Selectively_Extracting_and_Injecting_Visual_Attributes_into_Text-to-Image_Models_CVPR_2026_paper.pdf,,text-to-image models; visual attribute extraction; visual attribute injection; reference image attributes; generation pipeline; optimized text token; distilled embeddings; residual embeddings; controllable text-to-image generation; design workflows,2026-06-06
LoFA: Learning to Predict Personalized Prior for Fast Adaptation of Visual Generative Models,https://openaccess.thecvf.com/content/CVPR2026/papers/Hao_LoFA_Learning_to_Predict_Personalized_Prior_for_Fast_Adaptation_of_CVPR_2026_paper.pdf,https://arxiv.org/abs/2512.08785,visual generative model personalization; Low-Rank Adaptation; LoRA weight prediction; hypernetwork-based adaptation; personalized priors; fast model adaptation; relative distribution patterns; fine-grained user prompts; two-stage hypernetwork; task-specific adaptation,2026-06-06
Face-Guided Sentiment Boundary Enhancement for Weakly-Supervised Temporal Sentiment Localization,https://openaccess.thecvf.com/content/CVPR2026/papers/Han_Face-Guided_Sentiment_Boundary_Enhancement_for_Weakly-Supervised_Temporal_Sentiment_Localization_CVPR_2026_paper.pdf,https://arxiv.org/abs/2603.14750,weakly-supervised temporal sentiment localization; point-level sentiment annotations; multimodal videos; sentiment boundary enhancement; facial features; Face-guided Sentiment Discovery; multimodal interaction; contrastive learning; sentiment pseudo-label generation; temporally smooth supervisory pseudo-labels,2026-06-06
SIMSPINE: A Biomechanics-Aware Simulation Framework for 3D Spine Motion Annotation and Benchmarking,https://openaccess.thecvf.com/content/CVPR2026/papers/Khan_SIMSPINE_A_Biomechanics-Aware_Simulation_Framework_for_3D_Spine_Motion_Annotation_CVPR_2026_paper.pdf,https://arxiv.org/abs/2602.20792,biomechanics-aware simulation; 3D spine motion annotation; vertebra-level 3D spinal keypoints; musculoskeletal modeling; human pose datasets; vertebral kinematics; monocular 3D pose lifting; multi-view reconstruction; spine motion estimation; vision-based biomechanics,2026-06-06
Composing Concepts from Images and Videos via Concept-prompt Binding,https://openaccess.thecvf.com/content/CVPR2026/papers/Kong_Composing_Concepts_from_Images_and_Videos_via_Concept-prompt_Binding_CVPR_2026_paper.pdf,https://arxiv.org/abs/2512.09824,visual concept composition; concept-prompt binding; one-shot method; cross-attention conditioning; Diffusion Transformers; hierarchical binder structure; Diversify-and-Absorb Mechanism; absorbent token; Temporal Disentanglement Strategy; temporal modeling,2026-06-06
AlcheMinT: Fine-grained Temporal Control for Multi-Reference Consistent Video Generation,https://openaccess.thecvf.com/content/CVPR2026/papers/Girish_AlcheMinT_Fine-grained_Temporal_Control_for_Multi-Reference_Consistent_Video_Generation_CVPR_2026_paper.pdf,https://arxiv.org/abs/2512.10943,subject-driven video generation; fine-grained temporal control; multi-reference consistent video generation; large diffusion models; explicit timestamp conditioning; temporal interval positional encoding; subject identity preservation; video personalization; multi-subject generation; controllable animation,2026-06-06
Understanding the Role of Hallucination in Reinforcement Post-Training of Multimodal Reasoning Models,https://openaccess.thecvf.com/content/CVPR2026/papers/Zhang_Understanding_the_Role_of_Hallucination_in_Reinforcement_Post-Training_of_Multimodal_CVPR_2026_paper.pdf,https://arxiv.org/abs/2604.03179,reinforcement post-training; multimodal reasoning models; model hallucination; Hallucination-as-Cue Framework; hallucination-inductive corruptions; modality-specific corruptions; visual reasoning; RL training dynamics; multimodal reasoning benchmarks; modality-aware RL training,2026-06-06
From Sketch to Fresco: Efficient Diffusion Transformer with Progressive Resolution,https://openaccess.thecvf.com/content/CVPR2026/papers/Zheng_From_Sketch_to_Fresco_Efficient_Diffusion_Transformer_with_Progressive_Resolution_CVPR_2026_paper.pdf,https://arxiv.org/abs/2601.07462,Diffusion Transformers; dynamic resolution sampling; iterative sampling acceleration; re-noising; cross-stage consistency; progressive upsampling; latent space refinement; near-lossless acceleration; FLUX; HunyuanVideo,2026-06-06
From Pixel to Precision: Enhancing Handwritten Mathematical Expression Recognition with Image-Level Reward,https://openaccess.thecvf.com/content/CVPR2026/papers/Liu_From_Pixel_to_Precision_Enhancing_Handwritten_Mathematical_Expression_Recognition_with_CVPR_2026_paper.pdf,,Handwritten Mathematical Expression Recognition; LaTeX formula recognition; image-level reward; Image Matching Score; structural edit distance; column-wise image projections; visual fidelity; Image-Matching driven Policy Optimization; Group Relative Policy Optimization; Expression Recognition Rate,2026-06-06
Rethinking Model Selection in VLM Through the Lens of Gromov-Wasserstein Distance,https://openaccess.thecvf.com/content/CVPR2026/papers/Li_Rethinking_Model_Selection_in_VLM_Through_the_Lens_of_Gromov-Wasserstein_CVPR_2026_paper.pdf,https://arxiv.org/abs/2605.01325,Vision-Language Models; vision encoder selection; VLM alignment; Gromov-Wasserstein distance; structural similarity across modalities; cross-modality mapping; model selection strategies; zero-shot accuracy; inference-only metric; VLM performance prediction,2026-06-06
TSTM: Temporal Segmentation for Task-relevant Mask in Visual Reinforcement Learning Generalization,https://openaccess.thecvf.com/content/CVPR2026/papers/Du_TSTM_Temporal_Segmentation_for_Task-relevant_Mask_in_Visual_Reinforcement_Learning_CVPR_2026_paper.pdf,,visual reinforcement learning; policy generalization; task-relevant mask; temporal segmentation; sequential observations; convolutional LSTM; encoder-temporal-decoder architecture; task-irrelevant background variations; invariant representation learning; actor-critic agent,2026-06-06
Ghosts in the Point Clouds: De-glaring LiDAR in the Transient Domain,https://openaccess.thecvf.com/content/CVPR2026/papers/Gump_Ghosts_in_the_Point_Clouds_De-glaring_LiDAR_in_the_Transient_CVPR_2026_paper.pdf,,solid-state LiDAR arrays; internal-multipath glare; transient domain; Transient Glare Spread Function; LiDAR de-glaring; single-photon LiDAR; SPAD arrays; point-cloud ghosts; low-level LiDAR detections; glare artifact suppression,2026-06-06
ALLNet: Multi-task Dense Prediction for Degraded Images,https://openaccess.thecvf.com/content/CVPR2026/papers/Wang_ALLNet_Multi-task_Dense_Prediction_for_Degraded_Images_CVPR_2026_paper.pdf,,multi-task dense prediction; degraded images; visual scene understanding; Mixture of Adaptive Experts; MoE-based restoration; dynamic routing; task-specific feature extraction; Task-aware Collaborative Refinement; cross-task dependencies; degraded NYUD-v2 and PASCAL-Context,2026-06-06
GMT: Effective Global Framework for Multi-Camera Multi-Target Tracking,https://openaccess.thecvf.com/content/CVPR2026/papers/Zhen_GMT_Effective_Global_Framework_for_Multi-Camera_Multi-Target_Tracking_CVPR_2026_paper.pdf,https://arxiv.org/abs/2407.01007,Multi-Camera Multi-Target tracking; global MCMT tracking; intra-view cues; inter-view cues; global trajectories; trajectory-target association; Cross-View Feature Consistency Enhancement; visual and spatial feature alignment; Global Trajectory Association; VisionTrack dataset,2026-06-06
Geometric-Photometric Event-based 3D Gaussian Ray Tracing,https://openaccess.thecvf.com/content/CVPR2026/papers/Kohyama_Geometric-Photometric_Event-based_3D_Gaussian_Ray_Tracing_CVPR_2026_paper.pdf,https://arxiv.org/abs/2512.18640,event cameras; event-based 3D Gaussian Splatting; GPERT; 3D Gaussian ray tracing; event-by-event geometry rendering; snapshot-based radiance rendering; warped events; depth rendering; intensity rendering; 3D reconstruction,2026-06-06
Towards Universal Computational Aberration Correction in Photographic Cameras: A Comprehensive Benchmark Analysis,https://openaccess.thecvf.com/content/CVPR2026/papers/Qian_Towards_Universal_Computational_Aberration_Correction_in_Photographic_Cameras_A_Comprehensive_CVPR_2026_paper.pdf,https://arxiv.org/abs/2603.12083,Computational Aberration Correction; cross-lens universality; photographic cameras; optical aberrations; UniCAC benchmark; automatic optical design; Optical Degradation Evaluator; image restoration algorithms; prior utilization; Zemax files,2026-06-06
TAlignDiff: Automatic Tooth Alignment assisted by Diffusion-based Transformation Learning,https://openaccess.thecvf.com/content/CVPR2026/papers/Liu_TAlignDiff_Automatic_Tooth_Alignment_assisted_by_Diffusion-based_Transformation_Learning_CVPR_2026_paper.pdf,https://arxiv.org/abs/2508.04565,automatic tooth alignment; diffusion-based transformation learning; transformation matrix denoising; point cloud regression network; orthodontic treatment; geometry-constrained losses; transformation matrix distribution; point cloud-level alignment; diffusion refinement; clinical dental data,2026-06-06
BA-GS: Bayesian Adaptive Gaussian Splatting for SFM-Free 3D Reconstruction,https://openaccess.thecvf.com/content/CVPR2026/papers/Ma_BA-GS_Bayesian_Adaptive_Gaussian_Splatting_for_SFM-Free_3D_Reconstruction_CVPR_2026_paper.pdf,,3D Gaussian Splatting; SFM-free 3D reconstruction; sparse-view reconstruction; novel view synthesis; Bayesian framework; Gaussian primitives; Variational Bayesian Gaussian Mixture Model; Adaptive Kalman Filter; uncertainty-aware optimization; scalable 3D scene reconstruction,2026-06-06
VGGT-Segmentor: Geometry-Enhanced Cross-View Segmentation,https://openaccess.thecvf.com/content/CVPR2026/papers/Gao_VGGT-Segmentor_Geometry-Enhanced_Cross-View_Segmentation_CVPR_2026_paper.pdf,https://arxiv.org/abs/2604.13596,cross-view segmentation; instance-level object segmentation; egocentric and exocentric views; VGGT-Segmentor; geometry-enhanced segmentation; Union Segmentation Head; mask prompt fusion; point-guided prediction; iterative mask refinement; single-image self-supervised training,2026-06-06
BuildAnyPoint: 3D Building Structured Abstraction from Diverse Point Clouds,https://openaccess.thecvf.com/content/CVPR2026/papers/Hua_BuildAnyPoint_3D_Building_Structured_Abstraction_from_Diverse_Point_Clouds_CVPR_2026_paper.pdf,https://arxiv.org/abs/2602.23645,structured 3D building reconstruction; building abstraction; diverse point clouds; airborne LiDAR; Structure-from-Motion; autoregressive mesh generation; Loosely Cascaded Diffusion Transformer; latent diffusion models; point cloud completion; distribution recovery,2026-06-06
BarbieGait: An Identity-Consistent Synthetic Human Dataset with Versatile Cloth-Changing for Gait Recognition,https://openaccess.thecvf.com/content/CVPR2026/papers/Cai_BarbieGait_An_Identity-Consistent_Synthetic_Human_Dataset_with_Versatile_Cloth-Changing_for_CVPR_2026_paper.pdf,https://arxiv.org/abs/2604.12221,synthetic gait dataset; cross-clothing gait recognition; cloth-changing human dataset; gait identity preservation; virtual engine human simulation; controllable gait data generation; cloth-invariant features; intra-class variance; GaitCLIF; biometric gait recognition,2026-06-06
VINS-120K: Ultra High-Resolution Image Editing with A Large-Scale Dataset,https://openaccess.thecvf.com/content/CVPR2026/papers/Chen_VINS-120K_Ultra_High-Resolution_Image_Editing_with_A_Large-Scale_Dataset_CVPR_2026_paper.pdf,,ultra-high-resolution image editing; VINS-120K; instruction-based image editing; large-scale dataset; high-frequency texture details; 4K resolution images; multi-stage filtering pipeline; high-frequency-aware post-adaptation; VINS-4KEval benchmark; fine-grained detail synthesis,2026-06-06
JANUS: A Lightweight Framework for Jailbreaking Text-to-Image Models via Distribution Optimization,https://openaccess.thecvf.com/content/CVPR2026/papers/Zheng_JANUS_A_Lightweight_Framework_for_Jailbreaking_Text-to-Image_Models_via_Distribution_CVPR_2026_paper.pdf,https://arxiv.org/abs/2603.21208,text-to-image models; jailbreak attacks; distribution optimization; structured prompt distribution; black-box reward; safety filters; low-dimensional mixing policy; NSFW content generation; Stable Diffusion 3.5 Large Turbo; distribution-aware defenses,2026-06-06
When Anonymity Breaks: Identifying Models Behind Text-to-Image Leaderboards,https://openaccess.thecvf.com/content/CVPR2026/papers/Naseh_When_Anonymity_Breaks_Identifying_Models_Behind_Text-to-Image_Leaderboards_CVPR_2026_paper.pdf,,text-to-image leaderboards; anonymized model outputs; model deanonymization; image embedding space; centroid-based classification; model-specific signatures; prompt-level distinguishability metric; voting-based leaderboards; anonymization defenses; AI-generated images,2026-06-06
PC-Talk: Precise Facial Animation Control for Audio-Driven Talking Face Generation,https://openaccess.thecvf.com/content/CVPR2026/papers/Wang_PC-Talk_Precise_Facial_Animation_Control_for_Audio-Driven_Talking_Face_Generation_CVPR_2026_paper.pdf,https://arxiv.org/abs/2503.14295,audio-driven talking face generation; precise facial animation control; lip-audio alignment; emotion control; implicit keypoint deformations; speaking style editing; lip movement scale; emotional facial expressions; HDTF dataset; MEAD dataset,2026-06-06
CoLoGen: Progressive Learning of Concept-Localization Duality for Unified Image Generation,https://openaccess.thecvf.com/content/CVPR2026/papers/Song_CoLoGen_Progressive_Learning_of_Concept-Localization_Duality_for_Unified_Image_Generation_CVPR_2026_paper.pdf,https://arxiv.org/abs/2602.22150,unified conditional image generation; concept-localization duality; concept-localization representational conflict; unified diffusion framework; staged curriculum learning; Progressive Representation Weaving; dynamic feature routing; specialized experts; instruction-driven image generation; controllable generation,2026-06-06
FSFSplatter: Geometrically Accurate Reconstruction with Free Sparse-view Images within 2 minutes,https://openaccess.thecvf.com/content/CVPR2026/papers/Zhao_FSFSplatter_Geometrically_Accurate_Reconstruction_with_Free_Sparse-view_Images_within_2_CVPR_2026_paper.pdf,,Gaussian Splatting; sparse-view reconstruction; geometrically accurate reconstruction; novel view synthesis; dense Gaussian scene initialization; multi-view image encoding; self-splitting Gaussian head; contribution-based pruning; depth supervision; differentiable camera parameters,2026-06-06
R4Det: 4D Radar-Camera Fusion for High-Performance 3D Object Detection,https://openaccess.thecvf.com/content/CVPR2026/papers/Xia_R4Det_4D_Radar-Camera_Fusion_for_High-Performance_3D_Object_Detection_CVPR_2026_paper.pdf,https://arxiv.org/abs/2603.11566,4D radar-camera fusion; 3D object detection; autonomous driving; absolute depth estimation; 3D localization; temporal fusion; Deformable Gated Temporal Fusion; Panoramic Depth Fusion; Instance-Guided Dynamic Refinement; sparse radar point clouds,2026-06-06
"When CLIP Sees More, It Fights Back Harder: Multi-View Guided Adaptive Counterattacks for Test-Time Adversarial Robustness",https://openaccess.thecvf.com/content/CVPR2026/papers/Kim_When_CLIP_Sees_More_It_Fights_Back_Harder_Multi-View_Guided_CVPR_2026_paper.pdf,,CLIP; vision-language models; zero-shot recognition; adversarial robustness; test-time counterattack; Multi-view guided Adaptive Counterattack; augmented views; corruption-aware soft weighting; corrupted embeddings; adaptive counterattack intensity,2026-06-06
LLaDA-MedV: Exploring Large Language Diffusion Models for Biomedical Image Understanding,https://openaccess.thecvf.com/content/CVPR2026/papers/Dong_LLaDA-MedV_Exploring_Large_Language_Diffusion_Models_for_Biomedical_Image_Understanding_CVPR_2026_paper.pdf,https://arxiv.org/abs/2508.01617,large language diffusion models; biomedical image understanding; biomedical vision-language models; masked diffusion models; LLaDA-MedV; vision instruction tuning; biomedical visual conversation; medical visual question answering; VQA-RAD; response length control,2026-06-06
Fine-Tuning Impairs the Balancedness of Foundation Models in Long-tailed Personalized Federated Learning,https://openaccess.thecvf.com/content/CVPR2026/papers/Hou_Fine-Tuning_Impairs_the_Balancedness_of_Foundation_Models_in_Long-tailed_Personalized_CVPR_2026_paper.pdf,https://arxiv.org/abs/2605.02247,long-tailed personalized federated learning; foundation models; non-IID data; long-tailed class distributions; fine-tuning degradation; class balance erosion; zero-shot baselines; gradient purification; residual learning; unbiased personalization,2026-06-06
Modeling Cross-vision Synergy for Unified Large Vision Model,https://openaccess.thecvf.com/content/CVPR2026/papers/Wu_Modeling_Cross-vision_Synergy_for_Unified_Large_Vision_Model_CVPR_2026_paper.pdf,https://arxiv.org/abs/2603.03564,large vision models; unified vision architecture; cross-vision synergy; PolyV; sparse Mixture-of-Experts; dynamic modality router; modality-specific pretraining; coarse-to-fine synergy tuning; knowledge distillation; object-/relation-level alignment,2026-06-06
Radar-Guided Polynomial Fitting for Metric Depth Estimation,https://openaccess.thecvf.com/content/CVPR2026/papers/Rim_Radar-Guided_Polynomial_Fitting_for_Metric_Depth_Estimation_CVPR_2026_paper.pdf,https://arxiv.org/abs/2503.17182,radar-guided depth estimation; metric depth estimation; polynomial fitting; monocular depth estimation; scaleless depth predictions; metric depth maps; affine transformation; local monotonicity; first-derivative regularization; radar data,2026-06-06
A Polynomial Chaos Framework for Causal Discovery in Nonlinear Uncertain Systems,https://openaccess.thecvf.com/content/CVPR2026/papers/Cao_A_Polynomial_Chaos_Framework_for_Causal_Discovery_in_Nonlinear_Uncertain_CVPR_2026_paper.pdf,,causal discovery; Polynomial Chaos Expansion; nonlinear uncertain systems; stochastic noise representations; structural equations; nonlinear couplings; arbitrary noise distributions; industrial sensor data; LiNGAM identifiability; uncertainty quantification,2026-06-06
Enhancing Out-of-Distribution Detection with Extended Logit Normalization,https://openaccess.thecvf.com/content/CVPR2026/papers/Ding_Enhancing_Out-of-Distribution_Detection_with_Extended_Logit_Normalization_CVPR_2026_paper.pdf,https://arxiv.org/abs/2504.11434,out-of-distribution detection; Extended Logit Normalization; LogitNorm; feature collapse; feature distance-awareness loss; post-hoc detection methods; in-distribution confidence calibration; model calibration objectives; training-time OOD methods; ID classification accuracy,2026-06-06
Towards Robust Multimodal Large Language Models Against Jailbreak Attacks,https://openaccess.thecvf.com/content/CVPR2026/papers/Yin_Towards_Robust_Multimodal_Large_Language_Models_Against_Jailbreak_Attacks_CVPR_2026_paper.pdf,https://arxiv.org/abs/2502.00653,multimodal large language models; jailbreak attacks; SafeMLLM; adversarial training; adversarial perturbations; contrastive embedding attack; token embeddings; white-box attacks; safety alignment; model robustness,2026-06-06
VideoARM: Agentic Reasoning over Hierarchical Memory for Long-Form Video Understanding,https://openaccess.thecvf.com/content/CVPR2026/papers/Yin_VideoARM_Agentic_Reasoning_over_Hierarchical_Memory_for_Long-Form_Video_Understanding_CVPR_2026_paper.pdf,https://arxiv.org/abs/2512.12360,long-form video understanding; agentic reasoning; hierarchical multimodal memory; multimodal large language models; autonomous reasoning; adaptive memory construction; coarse-to-fine video interpretation; token consumption reduction; controller tool invocation; video reasoning benchmarks,2026-06-06
240FPS Stereo Vision from Monocular Mixed Spikes,https://openaccess.thecvf.com/content/CVPR2026/papers/Xiaokaiti_240FPS_Stereo_Vision_from_Monocular_Mixed_Spikes_CVPR_2026_paper.pdf,,240FPS stereo vision; monocular mixed spikes; temporal optical modulation; high-speed spike camera; binocular video decoupling; linear system reconstruction; least-squares baseline reconstruction; deep learning refinement; binocular video reconstruction; hardware compact stereo vision,2026-06-06
Balanced Dataset Distillation via Modeling Multiple Visual Pattern Distribution,https://openaccess.thecvf.com/content/CVPR2026/papers/Shi_Balanced_Dataset_Distillation_via_Modeling_Multiple_Visual_Pattern_Distribution_CVPR_2026_paper.pdf,,Dataset Distillation; Balanced Patterns Selection; pattern imbalance; multiple visual pattern distribution; hierarchical semantic structure; pattern-balanced coreset; class-general patterns; marginal patterns; cross-architecture generalization; Optimize-Once-for-All-IPCs,2026-06-06
X-Part: High Fidelity And Structure Coherent Shape Decomposition And Completion,https://openaccess.thecvf.com/content/CVPR2026/papers/Yan_X-Part_High_Fidelity_And_Structure_Coherent_Shape_Decomposition_And_Completion_CVPR_2026_paper.pdf,,3D shape generation; part-level shape decomposition; shape completion; diffusion-based generation; bounding box prompts; point-wise semantic features; semantic decomposition; structural coherence; interactive part editing; 3D asset creation,2026-06-06
FE2E: From Editor to Dense Geometry Estimator,https://openaccess.thecvf.com/content/CVPR2026/papers/Wang_FE2E_From_Editor_to_Dense_Geometry_Estimator_CVPR_2026_paper.pdf,,image editing models; dense geometry estimation; Diffusion Transformer; consistent velocity training objective; logarithmic quantization; BFloat16 precision conflict; joint depth and normal estimation; zero-shot monocular depth estimation; zero-shot normal estimation; ETH3D dataset,2026-06-06
Adaptive Confidence Regularization for Multimodal Failure Detection,https://openaccess.thecvf.com/content/CVPR2026/papers/Liu_Adaptive_Confidence_Regularization_for_Multimodal_Failure_Detection_CVPR_2026_paper.pdf,https://arxiv.org/abs/2603.02200,Adaptive Confidence Regularization; multimodal failure detection; confidence degradation; Adaptive Confidence Loss; Multimodal Feature Swapping; outlier synthesis; synthetic failures; uncertain prediction rejection; multimodal models; unimodal branch confidence,2026-06-06
LoST: Level of Semantics Tokenization for 3D Shapes,https://openaccess.thecvf.com/content/CVPR2026/papers/Dutt_LoST_Level_of_Semantics_Tokenization_for_3D_Shapes_CVPR_2026_paper.pdf,https://arxiv.org/abs/2603.17995,Level-of-Semantics Tokenization; 3D shape tokenization; autoregressive 3D generation; semantic salience; Relational Inter-Distance Alignment; 3D semantic alignment loss; DINO feature space; 3D shape latent space; LoD-based 3D shape tokenizers; semantic retrieval,2026-06-06
Differentiable Stroke Planning with Dual Parameterization for Efficient and High-Fidelity Painting Creation,https://openaccess.thecvf.com/content/CVPR2026/papers/Liu_Differentiable_Stroke_Planning_with_Dual_Parameterization_for_Efficient_and_High-Fidelity_CVPR_2026_paper.pdf,https://arxiv.org/abs/2604.02752,stroke-based rendering; differentiable stroke planning; dual parameterization; discrete polylines; Bézier control points; bidirectional mapping; collaborative optimization; content-aware stroke proposals; Gaussian-splatting-inspired initialization; differentiable vectorization,2026-06-06
Adaptive Depth Lightweight RGB-T Tracking with Holistic Token Routing,https://openaccess.thecvf.com/content/CVPR2026/papers/Ding_Adaptive_Depth_Lightweight_RGB-T_Tracking_with_Holistic_Token_Routing_CVPR_2026_paper.pdf,,RGB-T tracking; Adaptive Early-Exit; confidence-calibrated early-exit policy; anytime heads; Holistic-Token-Guided Interaction; holistic state tokens; cross-modal interaction; lightweight tracker; real-time performance; edge device inference,2026-06-06
Learning to Generate Highly Dynamic Videos using Synthetic Motion Data,https://openaccess.thecvf.com/content/CVPR2026/papers/Jin_Learning_to_Generate_Highly_Dynamic_Videos_using_Synthetic_Motion_Data_CVPR_2026_paper.pdf,https://arxiv.org/abs/2604.01666,video diffusion models; dynamic motion generation; synthetic motion data; DynaVid; optical flow; motion controllability; computer graphics rendering; two-stage generation framework; vigorous human motion generation; extreme camera motion control,2026-06-06
ProgTrack: A Multi-Object Tracking Algorithm with Progressive Matching Strategy,https://openaccess.thecvf.com/content/CVPR2026/papers/Zhang_ProgTrack_A_Multi-Object_Tracking_Algorithm_with_Progressive_Matching_Strategy_CVPR_2026_paper.pdf,,UAV multi-object tracking; ProgTrack; progressive matching strategy; multi-stage target matching; Local Motion Information; Context Enhancement Feature; Global Motion Information; multi-scale targets; VisDrone2019; appearance matching,2026-06-06
MicroFM: Physics-guided Flow Matching for Isotropic Microscopy Reconstruction,https://openaccess.thecvf.com/content/CVPR2026/papers/Zhan_MicroFM_Physics-guided_Flow_Matching_for_Isotropic_Microscopy_Reconstruction_CVPR_2026_paper.pdf,,isotropic microscopy reconstruction; anisotropic point spread function; axial resolution; physical PSFs; physics-guided flow matching; continuous implicit geometry prior; volumetric geometry constraints; fluorescence microscopy; isotropic recovery; microscopy training data synthesis,2026-06-06
HyperGaussians: High-Dimensional Gaussian Splatting for High-Fidelity Animatable Face Avatars,https://openaccess.thecvf.com/content/CVPR2026/papers/Serifi_HyperGaussians_High-Dimensional_Gaussian_Splatting_for_High-Fidelity_Animatable_Face_Avatars_CVPR_2026_paper.pdf,https://arxiv.org/abs/2507.02803,HyperGaussians; high-dimensional Gaussian Splatting; animatable face avatars; 3D Gaussian Splatting; monocular videos; nonlinear deformations; high-dimensional multivariate Gaussians; learnable local embedding; inverse covariance trick; FlashAvatar,2026-06-06
FocusUI: Efficient UI Grounding via Position-Preserving Visual Token Selection,https://openaccess.thecvf.com/content/CVPR2026/papers/Ouyang_FocusUI_Efficient_UI_Grounding_via_Position-Preserving_Visual_Token_Selection_CVPR_2026_paper.pdf,https://arxiv.org/abs/2601.03928,UI grounding; Vision-Language Models; visual token selection; positional continuity; patch-level supervision; instruction-conditioned score; UI-graph score; visual token pruning; PosPad strategy; efficient inference,2026-06-06
ExMesh: EXplicit Mesh Reconstruction with Topology Adaptation,https://openaccess.thecvf.com/content/CVPR2026/papers/Fan_ExMesh_EXplicit_Mesh_Reconstruction_with_Topology_Adaptation_CVPR_2026_paper.pdf,,explicit mesh reconstruction; topology adaptation; multi-view images; adaptive vertex splitting; vertex merging; real-time UV maintenance; differentiable optimization; discrete topology updates; coarse-to-fine optimization; high-fidelity texturing,2026-06-06
Mesh4D: 4D Mesh Reconstruction and Tracking from Monocular Video,https://openaccess.thecvf.com/content/CVPR2026/papers/Jiang_Mesh4D_4D_Mesh_Reconstruction_and_Tracking_from_Monocular_Video_CVPR_2026_paper.pdf,https://arxiv.org/abs/2601.05251,monocular 4D mesh reconstruction; dynamic object reconstruction; deformation field; compact latent space; autoencoder; skeletal structure priors; spatio-temporal attention; latent diffusion model; novel view synthesis; 3D shape and deformation,2026-06-06
Conflict-Aware Adaptive Cross-Reconstruction for Multimodal Sentiment Analysis,https://openaccess.thecvf.com/content/CVPR2026/papers/Wang_Conflict-Aware_Adaptive_Cross-Reconstruction_for_Multimodal_Sentiment_Analysis_CVPR_2026_paper.pdf,,multimodal sentiment analysis; Conflict-aware Adaptive Cross-Reconstruction; emotional conflict; shared representations; disentanglement-based representation learning; cross-reconstruction module; conflict-aware weighting strategy; implicit alignment; semantic ambiguity mitigation; fine-grained sentiment refinement,2026-06-06
Neurodynamics-Driven Coupled Neural P Systems for Multi-Focus Image Fusion,https://openaccess.thecvf.com/content/CVPR2026/papers/Li_Neurodynamics-Driven_Coupled_Neural_P_Systems_for_Multi-Focus_Image_Fusion_CVPR_2026_paper.pdf,https://arxiv.org/abs/2509.17704,multi-focus image fusion; decision maps; neurodynamics-driven coupled neural P systems; ND-CNPFuse; spiking mechanisms; spike matrices; focused and unfocused region discrimination; neural computation models; interpretable image fusion; MFIF datasets,2026-06-06
EchoPOSE: 6D Pose Estimation of Sparse Echocardiograms for Left-Ventricular 3D Shape Reconstruction,https://openaccess.thecvf.com/content/CVPR2026/papers/Iijima_EchoPOSE_6D_Pose_Estimation_of_Sparse_Echocardiograms_for_Left-Ventricular_3D_CVPR_2026_paper.pdf,,6D pose estimation; sparse echocardiograms; left-ventricular 3D shape reconstruction; 3D echocardiography; 2D echocardiographic views; LV segmentations; graph-harmonic algorithm; transformer-based architecture; geometry-aware loss; cardiac cycle,2026-06-06
FlexAvatar: Learning Complete 3D Head Avatars with Partial Supervision,https://openaccess.thecvf.com/content/CVPR2026/papers/Kirschstein_FlexAvatar_Learning_Complete_3D_Head_Avatars_with_Partial_Supervision_CVPR_2026_paper.pdf,,3D head avatars; single-image avatar creation; monocular training; multi-view supervision; 3D portrait animation; learnable data source tokens; bias sinks; smooth latent avatar space; identity interpolation; view extrapolation,2026-06-06
SurgCoT: Advancing Spatiotemporal Reasoning in Surgical Videos through a Chain-of-Thought Benchmark,https://openaccess.thecvf.com/content/CVPR2026/papers/Wang_SurgCoT_Advancing_Spatiotemporal_Reasoning_in_Surgical_Videos_through_a_Chain-of-Thought_CVPR_2026_paper.pdf,https://arxiv.org/abs/2604.20319,surgical videos; spatiotemporal reasoning; Multi-modal Large Language Models; chain-of-thought benchmark; SurgCoT; Causal Action Ordering; Cue-Action Alignment; Affordance Mapping; Micro-Transition Localization; Anomaly Onset Tracking,2026-06-06
S$^2$AM3D: Scale-controllable Part Segmentation of 3D Point Clouds,https://openaccess.thecvf.com/content/CVPR2026/papers/Su_S2AM3D_Scale-controllable_Part_Segmentation_of_3D_Point_Clouds_CVPR_2026_paper.pdf,,part-level point cloud segmentation; 3D point clouds; S2AM3D; 2D segmentation priors; 3D consistent supervision; point-consistent part encoder; multi-view 2D features; 3D contrastive learning; scale-aware prompt decoder; segmentation granularity,2026-06-06
V^2-SAM: Marrying SAM2 with Multi-Prompt Experts for Cross-View Object Correspondence,https://openaccess.thecvf.com/content/CVPR2026/papers/Pan_V2-SAM_Marrying_SAM2_with_Multi-Prompt_Experts_for_Cross-View_Object_Correspondence_CVPR_2026_paper.pdf,https://arxiv.org/abs/2511.20886,cross-view object correspondence; ego-exo object correspondence; SAM2; multi-prompt experts; Cross-View Anchor Prompt Generator; DINOv3 features; coordinate-based prompting; Cross-View Visual Prompt Generator; visual prompt matcher; Post-hoc Cyclic Consistency Selector,2026-06-06
LumiX: Structured and Coherent Text-to-Intrinsic Generation,https://openaccess.thecvf.com/content/CVPR2026/papers/Han_LumiX_Structured_and_Coherent_Text-to-Intrinsic_Generation_CVPR_2026_paper.pdf,https://arxiv.org/abs/2512.02781,text-to-intrinsic generation; structured diffusion framework; intrinsic maps; albedo; irradiance; normal maps; depth maps; Query-Broadcast Attention; Tensor LoRA; image-conditioned intrinsic decomposition,2026-06-06
Audio-sync Video Instance Editing with Granularity-Aware Mask Refiner,https://openaccess.thecvf.com/content/CVPR2026/papers/Zheng_Audio-sync_Video_Instance_Editing_with_Granularity-Aware_Mask_Refiner_CVPR_2026_paper.pdf,https://arxiv.org/abs/2512.10571,audio-sync video instance editing; audio-visual synchronization; granularity-aware mask refiner; instance-level edits; fine-grained spatial controllability; temporal controllability; self-feedback audio agent; audio guidance; instance-centric correspondence; video editing,2026-06-06
SCE-Depth: A Spherical Compound Eye Framework for Wide FOV Depth Estimation,https://openaccess.thecvf.com/content/CVPR2026/papers/Zhu_SCE-Depth_A_Spherical_Compound_Eye_Framework_for_Wide_FOV_Depth_CVPR_2026_paper.pdf,,wide FOV depth estimation; spherical compound eye; HEALPix grid; spherical neural network; modality misalignment; spherical images; overlapping FOVs; Spherical Gradient Feature Extractor; Spherical Gradient Loss; fisheye-based baselines,2026-06-06
CHAL: Causal-guided Hierarchical Anomaly-aware Learning for Moving Infrared Small Target Detection,https://openaccess.thecvf.com/content/CVPR2026/papers/Duan_CHAL_Causal-guided_Hierarchical_Anomaly-aware_Learning_for_Moving_Infrared_Small_Target_CVPR_2026_paper.pdf,,infrared small target detection; moving infrared targets; Causal-guided Hierarchical Anomaly-aware Learning; background learning; anomaly discovery; spatio-temporal neural field; background evolution modeling; generative background modeling; background confounders; causal-guiding mechanism,2026-06-06
History to Future: Evolving Agent with Experience and Thought for Zero-shot Vision-and-Language Navigation,https://openaccess.thecvf.com/content/CVPR2026/papers/Dai_History_to_Future_Evolving_Agent_with_Experience_and_Thought_for_CVPR_2026_paper.pdf,,Vision-and-Language Navigation in Continuous Environment; zero-shot VLN-CE; large language models; EVONAV; Future Chain-of-Thought; History Chain-of-Experience; navigation decision-making; future action prediction; landmark prediction; historical trajectory summarization,2026-06-06
Learning Spatial-Temporal Consistency for 3D Semantic Scene Completion,https://openaccess.thecvf.com/content/CVPR2026/papers/Xue_Learning_Spatial-Temporal_Consistency_for_3D_Semantic_Scene_Completion_CVPR_2026_paper.pdf,,Semantic Scene Completion; temporal SSC; spatial-temporal consistency; camera-based SSC; 3D occupancy framework; hierarchical voxel refinement; temporal semantic aggregation; voxel-level representations; occluded region reconstruction; SemanticKITTI,2026-06-06
Deformable Gaussian Occupancy: Decoupling Rigid and Nonrigid Motion with Factorized Distillation,https://openaccess.thecvf.com/content/CVPR2026/papers/Gao_Deformable_Gaussian_Occupancy_Decoupling_Rigid_and_Nonrigid_Motion_with_Factorized_CVPR_2026_paper.pdf,,Deformable Gaussian Occupancy; rigid and nonrigid motion decoupling; factorized 4D foundation-model distillation; weakly supervised occupancy prediction; dynamic 3D environments; human-centric nonrigid agents; Gaussian deformation; VGGT foundation model; temporal consistency; Occ3D-NuScenes benchmark,2026-06-06
Echoes Over Time: Unlocking Length Generalization in Video-to-Audio Generation Models,https://openaccess.thecvf.com/content/CVPR2026/papers/Simon_Echoes_Over_Time_Unlocking_Length_Generalization_in_Video-to-Audio_Generation_Models_CVPR_2026_paper.pdf,https://arxiv.org/abs/2602.20981,video-to-audio generation; length generalization; multimodal alignment; MMHNet; multimodal hierarchical networks; non-causal Mamba; long-form audio generation; training short testing long; long-video to audio benchmarks; hierarchical method,2026-06-06
Flowception: Temporally Expansive Flow Matching for Video Generation,https://openaccess.thecvf.com/content/CVPR2026/papers/Ifriqi_Flowception_Temporally_Expansive_Flow_Matching_for_Video_Generation_CVPR_2026_paper.pdf,https://arxiv.org/abs/2512.11438,Flowception; temporally expansive flow matching; non-autoregressive video generation; variable-length video generation; discrete frame insertion; continuous frame denoising; error accumulation drift; long-term context compression; local attention variants; image-to-video generation,2026-06-06
DeRVOS: Decoupling Consistent Trajectory Generation and Multimodal Understanding for Referring Video Object Segmentation,https://openaccess.thecvf.com/content/CVPR2026/papers/Cheng_DeRVOS_Decoupling_Consistent_Trajectory_Generation_and_Multimodal_Understanding_for_Referring_CVPR_2026_paper.pdf,,referring video object segmentation; consistent trajectory generation; multimodal understanding; instance trajectory generation; trajectory consistency modeling; cross-modal alignment; unified multimodal encoder; vision-language understanding; Trajectory Alignment and Implicit Selection; motion-guided implicit trajectory selection,2026-06-06
Spatial Retrieval Augmented Autonomous Driving,https://openaccess.thecvf.com/content/CVPR2026/papers/Jia_Spatial_Retrieval_Augmented_Autonomous_Driving_CVPR_2026_paper.pdf,https://arxiv.org/abs/2512.06865,spatial retrieval; autonomous driving; geographic images; offline caches; drive-time perception horizon; nuScenes dataset; ego-vehicle trajectories; online mapping; occupancy prediction; generative world modeling,2026-06-06
"Decompose, Mix, Adapt: A Unified Framework for Parameter-Efficient Neural Network Recombination and Compression",https://openaccess.thecvf.com/content/CVPR2026/papers/Tasnim_Decompose_Mix_Adapt_A_Unified_Framework_for_Parameter-Efficient_Neural_Network_CVPR_2026_paper.pdf,https://arxiv.org/abs/2603.27383,Parameter Recombination; Parameter-Efficient Fine-Tuning; Model Compression; neural network recombination; CRISP; coefficient-gated weight recombination; interpolated shared basis projections; pretrained weight factorization; shared basis matrices; edge deployment,2026-06-06
Text-Driven 3D Hand Motion Generation from Sign Language Data,https://openaccess.thecvf.com/content/CVPR2026/papers/Bensabath_Text-Driven_3D_Hand_Motion_Generation_from_Sign_Language_Data_CVPR_2026_paper.pdf,https://arxiv.org/abs/2508.15902,text-driven 3D hand motion generation; sign language data; natural language motion conditioning; 3D hand motions; pseudo-annotated sign categories; hand motion descriptions; sign attributes dictionary; motion-script cues; text-conditioned diffusion model; HandMDM,2026-06-06
Steering Where to Diffuse: Generative Modeling of Phenotypic Response Simulation with Steered Diffusion Bridge,https://openaccess.thecvf.com/content/CVPR2026/papers/Zhang_Steering_Where_to_Diffuse_Generative_Modeling_of_Phenotypic_Response_Simulation_CVPR_2026_paper.pdf,,phenotypic response simulation; cellular morphology change; high-throughput screening; Steered Diffusion Bridge; SimuSDB; Brownian bridges; phenotypic constraints; rule-guided sample generation; stochastic dynamical system; optimal control strategies,2026-06-06
EduDiag: A Benchmark for Educational Diagnostic Reasoning with Error Tracing and Correction on Large Multimodal Models,https://openaccess.thecvf.com/content/CVPR2026/papers/Chen_EduDiag_A_Benchmark_for_Educational_Diagnostic_Reasoning_with_Error_Tracing_CVPR_2026_paper.pdf,,educational diagnostic reasoning; error tracing; corrective feedback; large multimodal models; EduDiag benchmark; erroneous reasoning chains; AI-assisted annotation; supervised fine-tuning; group relative policy optimization; multiple-choice distractor generation,2026-06-06
ColaVLA: Leveraging Cognitive Latent Reasoning for Hierarchical Parallel Trajectory Planning in Autonomous Driving,https://openaccess.thecvf.com/content/CVPR2026/papers/Peng_ColaVLA_Leveraging_Cognitive_Latent_Reasoning_for_Hierarchical_Parallel_Trajectory_Planning_CVPR_2026_paper.pdf,https://arxiv.org/abs/2512.22939,autonomous driving; vision-language-action framework; Cognitive Latent Reasoner; hierarchical parallel trajectory planning; trajectory generation; vision-language models; latent reasoning; meta-action embeddings; causality-consistent trajectories; nuScenes benchmark,2026-06-06
UniPixie: Unified and Probabilistic 3D Physics Learning via Flow Matching,https://openaccess.thecvf.com/content/CVPR2026/papers/Huang_UniPixie_Unified_and_Probabilistic_3D_Physics_Learning_via_Flow_Matching_CVPR_2026_paper.pdf,,probabilistic 3D physics learning; flow matching; material property prediction; physical ambiguity; simulation-ready parameters; Material Point Method; Linear Blend Skinning; Spring-Mass systems; Young’s Modulus prediction; controllable material fields,2026-06-06
$L^{2}DGS$: Low-Light Dynamic Gaussian Splatting,https://openaccess.thecvf.com/content/CVPR2026/papers/Kumar_L2DGS_Low-Light_Dynamic_Gaussian_Splatting_CVPR_2026_paper.pdf,,Low-Light Dynamic Gaussian Splatting; 4D Gaussian Splatting; dynamic scene reconstruction; novel spatiotemporal view synthesis; low-light videos; self-supervised reconstruction; illumination-reflectance decomposition; Occlusion-Disocclusion Network; Brightness Attenuation Features; Low-Light Dynamic Video dataset,2026-06-06
Granulon: Awakening Pixel-Level Visual Encoders with Adaptive Multi-Granularity Semantics for MLLM,https://openaccess.thecvf.com/content/CVPR2026/papers/Mao_Granulon_Awakening_Pixel-Level_Visual_Encoders_with_Adaptive_Multi-Granularity_Semantics_for_CVPR_2026_paper.pdf,https://arxiv.org/abs/2603.08800,DINOv3-based MLLM; pixel-level visual encoders; adaptive granularity augmentation; text-conditioned granularity Controller; Adaptive Token Aggregation; granularity-guided pooling; relation-aware clustering; multi-granularity reasoning; visual token aggregation; hallucination reduction,2026-06-06
AtomicVLA: Unlocking the Potential of Atomic Skill Learning in Robots,https://openaccess.thecvf.com/content/CVPR2026/papers/Zhang_AtomicVLA_Unlocking_the_Potential_of_Atomic_Skill_Learning_in_Robots_CVPR_2026_paper.pdf,https://arxiv.org/abs/2603.07648,Visual-Language-Action models; robotic manipulation; long-horizon tasks; continual skill acquisition; AtomicVLA; atomic skill abstraction; Skill-Guided Mixture-of-Experts; flexible routing encoder; dynamic expert composition; lifelong robotic tasks,2026-06-06
GaussianFluent: Gaussian Simulation for Dynamic Scenes with Mixed Materials,https://openaccess.thecvf.com/content/CVPR2026/papers/Huang_GaussianFluent_Gaussian_Simulation_for_Dynamic_Scenes_with_Mixed_Materials_CVPR_2026_paper.pdf,https://arxiv.org/abs/2601.09265,3D Gaussian Splatting; Gaussian simulation; dynamic scenes; mixed-material objects; brittle fracture simulation; Continuum Damage Material Point Method; fracture-aware simulation; photorealistic interiors; internal Gaussian densification; multi-stage fracture propagation,2026-06-06
Native and Compact Structured Latents for 3D Generation,https://openaccess.thecvf.com/content/CVPR2026/papers/Xiang_Native_and_Compact_Structured_Latents_for_3D_Generation_CVPR_2026_paper.pdf,https://arxiv.org/abs/2512.14692,3D generative modeling; structured latent representation; native 3D data; O-Voxel; omni-voxel representation; arbitrary topology; physically-based rendering parameters; Sparse Compression VAE; flow-matching models; 3D asset generation,2026-06-06
UFO: Unifying Feed-Forward and Optimization-based Methods for Large Driving Scene Modeling,https://openaccess.thecvf.com/content/CVPR2026/papers/Tan_UFO_Unifying_Feed-Forward_and_Optimization-based_Methods_for_Large_Driving_Scene_CVPR_2026_paper.pdf,https://arxiv.org/abs/2602.20943,dynamic driving scene reconstruction; autonomous driving simulation; long-range 4D reconstruction; recurrent scene modeling; feed-forward 3D reconstruction; optimization-based reconstruction; 4D scene representation; visibility-based filtering; scene tokens; object pose-guided modeling,2026-06-06
XSeg: A Large-scale X-ray Contraband Segmentation Benchmark For Real-World Security Screening,https://openaccess.thecvf.com/content/CVPR2026/papers/Gao_XSeg_A_Large-scale_X-ray_Contraband_Segmentation_Benchmark_For_Real-World_Security_CVPR_2026_paper.pdf,https://arxiv.org/abs/2604.03706,X-ray contraband segmentation; security screening; pixel-level supervision; XSeg dataset; instance masks; synthesized X-ray data; Adaptive Point SAM; Segment Anything Model; Energy-Aware Encoder; Adaptive Point Generator,2026-06-06
Zoo3D: Zero-Shot 3D Object Detection at Scene Level,https://openaccess.thecvf.com/content/CVPR2026/papers/Lemeshko_Zoo3D_Zero-Shot_3D_Object_Detection_at_Scene_Level_CVPR_2026_paper.pdf,https://arxiv.org/abs/2511.20253,zero-shot 3D object detection; open-vocabulary 3D detection; training-free 3D detection; 3D bounding boxes; graph clustering; 2D instance masks; best-view selection; view-consensus mask generation; pseudo labels; posed and unposed images,2026-06-06
FilterGS: Traversal-Free Parallel Filtering and Adaptive Shrinking for Large-Scale LoD 3D Gaussian Splatting,https://openaccess.thecvf.com/content/CVPR2026/papers/Wang_FilterGS_Traversal-Free_Parallel_Filtering_and_Adaptive_Shrinking_for_Large-Scale_LoD_CVPR_2026_paper.pdf,https://arxiv.org/abs/2603.23891,3D Gaussian Splatting; Level-of-Detail methods; large-scale neural rendering; parallel filtering; traversal-free rendering; Gaussian-tile pairs; GTC metric; scene-adaptive Gaussian shrinking; large-scale datasets; real-time rendering,2026-06-06
Unsupervised Multi-Scale Segmentation of 3D Subcellular World with Stable Diffusion Foundation Model,https://openaccess.thecvf.com/content/CVPR2026/papers/Uddin_Unsupervised_Multi-Scale_Segmentation_of_3D_Subcellular_World_with_Stable_Diffusion_CVPR_2026_paper.pdf,,unsupervised segmentation; multiscale subcellular objects; 3D volumetric cryo-electron tomography; cryo-ET images; Stable Diffusion foundation model; feature aggregation; adaptive thresholding; CellPose refinement; pseudo-ground truth; cryo-ET benchmark datasets,2026-06-06
LiDAR-to-4DRadar Diffusion Bridge via Cross-Modal Alignment and Translation in Latent Space,https://openaccess.thecvf.com/content/CVPR2026/papers/Shen_LiDAR-to-4DRadar_Diffusion_Bridge_via_Cross-Modal_Alignment_and_Translation_in_Latent_CVPR_2026_paper.pdf,,LiDAR-to-4DRadar translation; diffusion bridge model; cross-modal alignment; latent space translation; 4D radar tensors; key-voxel-aware VAE; patch-wise contrastive learning; Doppler axes; radar data generation; downstream detection data augmentation,2026-06-06
Reparameterized Tensor Ring Functional Decomposition for Multi-Dimensional Data Recovery,https://openaccess.thecvf.com/content/CVPR2026/papers/Xu_Reparameterized_Tensor_Ring_Functional_Decomposition_for_Multi-Dimensional_Data_Recovery_CVPR_2026_paper.pdf,https://arxiv.org/abs/2603.01034,Tensor Ring decomposition; functional decomposition; Implicit Neural Representations; multi-dimensional data recovery; frequency-domain analysis; high-frequency modeling; reparameterized tensor factors; Lipschitz continuity; image inpainting; point cloud recovery,2026-06-06
Semi-Supervised Conformal Prediction With Unlabeled Nonconformity Score,https://openaccess.thecvf.com/content/CVPR2026/papers/Zhou_Semi-Supervised_Conformal_Prediction_With_Unlabeled_Nonconformity_Score_CVPR_2026_paper.pdf,https://arxiv.org/abs/2505.21147,conformal prediction; semi-supervised conformal prediction; SemiCP; uncertainty quantification; split conformal prediction; calibration with unlabeled data; unlabeled nonconformity score; Nearest Neighbor Matching score; pseudo-labeled counterparts; average coverage gap,2026-06-06
Test-Time Training for LiDAR Semantic Segmentation under Corruption via Geometric Inlier Discrimination,https://openaccess.thecvf.com/content/CVPR2026/papers/Kim_Test-Time_Training_for_LiDAR_Semantic_Segmentation_under_Corruption_via_Geometric_CVPR_2026_paper.pdf,,LiDAR semantic segmentation; test-time training; test-time adaptation; sensor corruption; environmental corruption; geometric inlier discrimination; self-supervised objective; synthetic off-manifold points; bidirectional unreliable point filtering; SemanticKITTI-C,2026-06-06
Thinking Beyond Labels: Vocabulary-Free Fine-Grained Recognition using Reasoning-Augmented LMMs,https://openaccess.thecvf.com/content/CVPR2026/papers/Demidov_Thinking_Beyond_Labels_Vocabulary-Free_Fine-Grained_Recognition_using_Reasoning-Augmented_LMMs_CVPR_2026_paper.pdf,https://arxiv.org/abs/2512.18897,vocabulary-free fine-grained recognition; reasoning-augmented LMMs; Fine-grained Name Discovery via Reasoning; descriptive candidate labels; vision-language model filtering; lightweight multi-modal classifier; fine-grained classification benchmarks; zero-shot baselines; human-curated vocabularies; open-world visual recognition,2026-06-06
SinGeo: Unlock Single Model's Potential for Robust Cross-View Geo-Localization,https://openaccess.thecvf.com/content/CVPR2026/papers/Chen_SinGeo_Unlock_Single_Models_Potential_for_Robust_Cross-View_Geo-Localization_CVPR_2026_paper.pdf,,cross-view geo-localization; field-of-view-specific training; unseen FoVs; unknown orientations; SinGeo; dual discriminative learning; intra-view discriminability; curriculum learning; consistency evaluation; cross-architecture transferability,2026-06-06
JarvisEvo: Towards a Self-Evolving Photo Editing Agent with Synergistic Editor-Evaluator Optimization,https://openaccess.thecvf.com/content/CVPR2026/papers/Lin_JarvisEvo_Towards_a_Self-Evolving_Photo_Editing_Agent_with_Synergistic_Editor-Evaluator_CVPR_2026_paper.pdf,https://arxiv.org/abs/2511.23002,image editing agents; self-evolving photo editing; interleaved multimodal chain-of-thought; instruction hallucination; reward hacking; synergistic editor-evaluator policy optimization; self-improvement without external rewards; fine-grained editing; Adobe Lightroom integration; ArtEdit-Bench,2026-06-06
SyncDreamer: Controllable and Expressive Avatar Generation Beyond the Talking Head,https://openaccess.thecvf.com/content/CVPR2026/papers/Nazarieh_SyncDreamer_Controllable_and_Expressive_Avatar_Generation_Beyond_the_Talking_Head_CVPR_2026_paper.pdf,,audio-driven talking avatars; digital human synthesis; diffusion Transformer; identity-preserving avatar generation; single-image avatar animation; expressive motion synthesis; audio dynamics encoder; Attention Localization Loss; cross-modal prompt enhancement; fine-grained motion control,2026-06-06
SIMPACT: Simulation-Enabled Action Planning using Vision-Language Models,https://openaccess.thecvf.com/content/CVPR2026/papers/Liu_SIMPACT_Simulation-Enabled_Action_Planning_using_Vision-Language_Models_CVPR_2026_paper.pdf,https://arxiv.org/abs/2512.05955,Vision-Language Models; physical dynamics; robotic manipulation; action planning; simulation-in-the-loop world modeling; RGB-D observation; simulated rollouts; contact dynamics; deformable manipulation; embodied intelligence,2026-06-06
What's Wrong with Synthetic Data for Scene Text Recognition? A Strong Synthetic Engine with Diverse Simulations and Self-Evolution,https://openaccess.thecvf.com/content/CVPR2026/papers/Ye_Whats_Wrong_with_Synthetic_Data_for_Scene_Text_Recognition_A_CVPR_2026_paper.pdf,,Scene Text Recognition; synthetic data; rendering-based synthetic datasets; domain gap; UnionST; UnionST-S; self-evolution learning; real data annotation; corpus diversity; font and layout diversity,2026-06-06
Fed-ADE: Adaptive Learning Rate for Federated Post-adaptation under Distribution Shift,https://openaccess.thecvf.com/content/CVPR2026/papers/Park_Fed-ADE_Adaptive_Learning_Rate_for_Federated_Post-adaptation_under_Distribution_Shift_CVPR_2026_paper.pdf,https://arxiv.org/abs/2603.01040,Federated learning; federated post-adaptation; adaptive learning rate; distribution shift estimation; non-stationary data streams; heterogeneous clients; uncertainty dynamics estimation; representation dynamics estimation; covariate-level feature drift; dynamic regret,2026-06-06
PhaSR: Generalized Image Shadow Removal with Physically Aligned Priors,https://openaccess.thecvf.com/content/CVPR2026/papers/Lee_PhaSR_Generalized_Image_Shadow_Removal_with_Physically_Aligned_Priors_CVPR_2026_paper.pdf,https://arxiv.org/abs/2601.17470,image shadow removal; physically aligned priors; illumination-reflectance disentanglement; Physically Aligned Normalization; Gray-world normalization; Retinex decomposition; dynamic range recombination; Geometric-Semantic Rectification Attention; depth-derived geometry; DINO-v2 semantic embeddings,2026-06-06
H-Sets: Hessian-Guided Discovery of Set-Level Feature Interactions in Image Classifiers,https://openaccess.thecvf.com/content/CVPR2026/papers/Mehrotra_H-Sets_Hessian-Guided_Discovery_of_Set-Level_Feature_Interactions_in_Image_Classifiers_CVPR_2026_paper.pdf,https://arxiv.org/abs/2604.22045,H-Sets; Hessian-guided feature interactions; image classifiers; feature attribution; input Hessians; Segment Anything; IDG-Vis; Integrated Directional Gradients; Harsanyi dividends; faithful saliency maps,2026-06-06
GenBreak: Red Teaming Text-to-Image Generation Using Large Language Models,https://openaccess.thecvf.com/content/CVPR2026/papers/Wang_GenBreak_Red_Teaming_Text-to-Image_Generation_Using_Large_Language_Models_CVPR_2026_paper.pdf,https://arxiv.org/abs/2506.10047,Text-to-image generation; red teaming; adversarial prompts; large language models; Stable Diffusion; content moderation bypass; supervised fine-tuning; reinforcement learning; black-box attacks; image toxicity,2026-06-06
OmniFM: Toward Modality-Robust and Task-Agnostic Federated Learning for Heterogeneous Medical Imaging,https://openaccess.thecvf.com/content/CVPR2026/papers/Liu_OmniFM_Toward_Modality-Robust_and_Task-Agnostic_Federated_Learning_for_Heterogeneous_Medical_CVPR_2026_paper.pdf,https://arxiv.org/abs/2603.21660,federated learning; heterogeneous medical imaging; modality-robust learning; task-agnostic framework; frequency-domain learning; low-frequency spectral components; Global Spectral Knowledge Retrieval; Embedding-wise Cross-Attention Fusion; Prefix-Suffix Spectral Prompting; Spectral-Proximal Alignment,2026-06-06
Orthogonal Spatial-Aware Multi-View Anchor Graph Clustering for Incomplete Remote Sensing Data,https://openaccess.thecvf.com/content/CVPR2026/papers/Zhang_Orthogonal_Spatial-Aware_Multi-View_Anchor_Graph_Clustering_for_Incomplete_Remote_Sensing_CVPR_2026_paper.pdf,,incomplete multi-view remote sensing data clustering; orthogonal spatial-aware multi-view anchor graph clustering; spatial-aware anchors; multi-scale anchor graphs; superpixel-based texture characteristics; multi-scale anchor graph learning; view weighting; matrix factorization on incomplete data; structure-aligned consensus feature learning; orthogonal spatial-aware regularization,2026-06-06
Training-free Detection of Generated Videos via Spatial-Temporal Likelihoods,https://openaccess.thecvf.com/content/CVPR2026/papers/Hayun_Training-free_Detection_of_Generated_Videos_via_Spatial-Temporal_Likelihoods_CVPR_2026_paper.pdf,https://arxiv.org/abs/2603.15026,synthetic video detection; generated videos; spatial-temporal likelihoods; training-free detection; zero-shot detection; model-agnostic detection; likelihood-based scoring; temporal dynamics; probabilistic framework; ComGenVid,2026-06-06
PRISM: Video Dataset Condensation with Progressive Refinement and Insertion for Sparse Motion,https://openaccess.thecvf.com/content/CVPR2026/papers/Choi_PRISM_Video_Dataset_Condensation_with_Progressive_Refinement_and_Insertion_for_CVPR_2026_paper.pdf,https://arxiv.org/abs/2505.22564,video dataset condensation; Progressive Refinement and Insertion for Sparse Motion; sparse motion; spatiotemporal structure; temporal redundancy; temporal anchors; key-frame insertion; linear interpolation; non-linear dynamics; gradient misalignments,2026-06-06
FlowHijack: A Dynamics-Aware Backdoor Attack on Flow-Matching Vision-Language-Action Models,https://openaccess.thecvf.com/content/CVPR2026/papers/An_FlowHijack_A_Dynamics-Aware_Backdoor_Attack_on_Flow-Matching_Vision-Language-Action_Models_CVPR_2026_paper.pdf,https://arxiv.org/abs/2604.09651,FlowHijack; flow-matching vision-language-action models; backdoor attack; vector-field dynamics; robotics policies; tau-conditioned injection; dynamics mimicry regularizer; context-aware triggers; kinematic similarity; continuous embodied models,2026-06-06
How Far Can We Go With Synthetic Data for Audio-Visual Sound Source Localization?,https://openaccess.thecvf.com/content/CVPR2026/papers/Senocak_How_Far_Can_We_Go_With_Synthetic_Data_for_Audio-Visual_CVPR_2026_paper.pdf,,audio-visual sound source localization; synthetic data; text-to-X models; VGGSound dataset; synthetic clones; hybrid real–synthetic training; semantic misalignment; generalizable SSL models; scalable training framework; multi-benchmark evaluation,2026-06-06
AMusE: Audio-Visual Benchmark and Alignment Framework for Agentic Multi-Speaker Understanding,https://openaccess.thecvf.com/content/CVPR2026/papers/Chowdhury_AMusE_Audio-Visual_Benchmark_and_Alignment_Framework_for_Agentic_Multi-Speaker_Understanding_CVPR_2026_paper.pdf,https://arxiv.org/abs/2512.16250,multimodal large language models; multi-speaker reasoning; audio-visual benchmark; agentic reasoning; multimodal audio-video understanding; spatio-temporal speaker grounding; multimodal dialogue summarization; agentic evaluation; reward optimization; multimodal self-evaluation,2026-06-06
Global-Graph Guided and Local-Graph Weighted Contrastive Learning for Unified Clustering on Incomplete and Noise Multi-View Data,https://openaccess.thecvf.com/content/CVPR2026/papers/He_Global-Graph_Guided_and_Local-Graph_Weighted_Contrastive_Learning_for_Unified_Clustering_CVPR_2026_paper.pdf,https://arxiv.org/abs/2512.21516,multi-view clustering; contrastive learning; incomplete multi-view data; noisy multi-view data; rare-paired samples; mis-paired samples; global-view affinity graph; global-graph guided contrastive learning; local-graph weighted contrastive learning; imputation-free clustering framework,2026-06-06
GeoDiT: A Diffusion-based Vision-Language Model for Geospatial Understanding,https://openaccess.thecvf.com/content/CVPR2026/papers/Liu_GeoDiT_A_Diffusion-based_Vision-Language_Model_for_Geospatial_Understanding_CVPR_2026_paper.pdf,https://arxiv.org/abs/2512.02505,diffusion-based vision-language model; geospatial understanding; parallel refinement process; coarse-to-fine synthesis; structured object-centric outputs; image captioning; visual grounding; multi-object detection; autoregressive models; complex geospatial analysis,2026-06-06
CaTok: Taming Mean Flows for One-Dimensional Causal Image Tokenization,https://openaccess.thecvf.com/content/CVPR2026/papers/Chen_CaTok_Taming_Mean_Flows_for_One-Dimensional_Causal_Image_Tokenization_CVPR_2026_paper.pdf,https://arxiv.org/abs/2603.06449,causal image tokenization; autoregressive language models; visual tokenizers; 1D causal image tokenizer; MeanFlow decoder; causal 1D representations; one-step generation; multi-step sampling; REPA-A regularization; Vision Foundation Models,2026-06-06
TrajRAG: Retrieving Geometric-Semantic Experience for Zero-Shot Object Navigation,https://openaccess.thecvf.com/content/CVPR2026/papers/Wang_TrajRAG_Retrieving_Geometric-Semantic_Experience_for_Zero-Shot_Object_Navigation_CVPR_2026_paper.pdf,https://arxiv.org/abs/2605.01700,Trajectory RAG; zero-shot Object Goal Navigation; geometric-semantic experience retrieval; topological-polar trajectory representation; episodic observation accumulation; hierarchical chunking; coarse-to-fine retrieval; waypoint selection; lifelong navigation experience; embodied 3D experience,2026-06-06
Bridging Brain and Semantics: A Hierarchical Framework for Semantically Enhanced fMRI-to-Video Reconstruction,https://openaccess.thecvf.com/content/CVPR2026/papers/Wei_Bridging_Brain_and_Semantics_A_Hierarchical_Framework_for_Semantically_Enhanced_CVPR_2026_paper.pdf,https://arxiv.org/abs/2605.14569,fMRI-to-video reconstruction; semantically enhanced video reconstruction; CineNeuron; hierarchical framework; semantic enrichment; Mixture-of-Memories; memory integration; fMRI embeddings; action concepts; dual-pathway brain processing,2026-06-06
Gallant: Voxel Grid-based Humanoid Locomotion and Local-navigation across 3-D Constrained Terrains,https://openaccess.thecvf.com/content/CVPR2026/papers/Ben_Gallant_Voxel_Grid-based_Humanoid_Locomotion_and_Local-navigation_across_3-D_Constrained_CVPR_2026_paper.pdf,,voxel-grid humanoid locomotion; local navigation; 3D constrained terrains; voxelized LiDAR data; z-grouped 2D CNN; end-to-end control policy; high-fidelity LiDAR simulation; sim-to-real consistency; stair climbing; elevated platforms,2026-06-06
UniM: A Unified Any-to-Any Interleaved Multimodal Benchmark,https://openaccess.thecvf.com/content/CVPR2026/papers/Li_UniM_A_Unified_Any-to-Any_Interleaved_Multimodal_Benchmark_CVPR_2026_paper.pdf,https://arxiv.org/abs/2603.05075,any-to-any interleaved multimodal learning; Multimodal Large Language Models; UniM benchmark; interleaved multimodal dataset; multimodal understanding and generation; UniM Evaluation Suite; Response Structure Integrity; Interleaved Coherence; agentic baseline model; structured interleaved generation,2026-06-06
A Closer Look at Cross-Domain Few-Shot Object Detection: Fine-Tuning Matters and Parallel Decoder Helps,https://openaccess.thecvf.com/content/CVPR2026/papers/Yu_A_Closer_Look_at_Cross-Domain_Few-Shot_Object_Detection_Fine-Tuning_Matters_CVPR_2026_paper.pdf,https://arxiv.org/abs/2603.28182,cross-domain few-shot object detection; hybrid ensemble decoder; parallel decoder branches; denoising queries; prediction diversity; progressive fine-tuning; plateau-aware learning rate schedule; few-shot adaptation; out-of-distribution robustness; RF100-VL,2026-06-06
Spe-BEVHead: Rethinking the Detection Head Design for Bird's-Eye-View Object Detection,https://openaccess.thecvf.com/content/CVPR2026/papers/Zhang_Spe-BEVHead_Rethinking_the_Detection_Head_Design_for_Birds-Eye-View_Object_Detection_CVPR_2026_paper.pdf,,Bird’s-Eye-View object detection; BEV 3D object detection; autonomous driving perception; task-specific detection heads; center-based detection head; Rotated Box Kernel; geometry-aligned classification weights; Local Response Refinement Module; Non-Maximum Suppression-free inference; dual-branch architecture,2026-06-06
MVP: Multiple View Prediction Improves GUI Grounding,https://openaccess.thecvf.com/content/CVPR2026/papers/Zhang_MVP_Multiple_View_Prediction_Improves_GUI_Grounding_CVPR_2026_paper.pdf,https://arxiv.org/abs/2512.08529,GUI grounding; coordinate prediction instability; Multi-View Prediction; multi-view inference; Attention-Guided View Proposal; instruction-to-image attention scores; Multi-Coordinates Clustering; spatial cluster centroid; high-resolution UI elements; GUI agents,2026-06-06
Towards GUI Agents: Vision-Language Diffusion Models for GUI Grounding,https://openaccess.thecvf.com/content/CVPR2026/papers/Kumbhar_Towards_GUI_Agents_Vision-Language_Diffusion_Models_for_GUI_Grounding_CVPR_2026_paper.pdf,https://arxiv.org/abs/2603.26211,GUI grounding; vision-language diffusion models; discrete diffusion VLMs; LLaDA-V; bounding-box prediction; hybrid masking schedule; graphical user interfaces; multimodal reasoning; diffusion steps; GUI agents,2026-06-06
Efficient Hybrid SE(3)-Equivariant Visuomotor Flow Policy via Spherical Harmonics for Robot Manipulation,https://openaccess.thecvf.com/content/CVPR2026/papers/Zhang_Efficient_Hybrid_SE3-Equivariant_Visuomotor_Flow_Policy_via_Spherical_Harmonics_for_CVPR_2026_paper.pdf,https://arxiv.org/abs/2603.23227,SE(3)-equivariant visuomotor flow policy; spherical harmonics; robot manipulation; equivariant diffusion policies; rectified flow; multi-modal equivariant learning; SO(3) equivariance; Feature Enhancement Module; point cloud and image fusion; robotic policy learning,2026-06-06
PAD-Hand: Physics-Aware Diffusion for Hand Motion Recovery,https://openaccess.thecvf.com/content/CVPR2026/papers/Ismayilzada_PAD-Hand_Physics-Aware_Diffusion_for_Hand_Motion_Recovery_CVPR_2026_paper.pdf,https://arxiv.org/abs/2603.26068,physics-aware diffusion; hand motion recovery; physics consistency; pose sequence refinement; MeshCNN-Transformer; Euler-Lagrange dynamics; articulated hand dynamics; dynamic residuals; last-layer Laplace approximation; per-joint variance maps,2026-06-06
Scaling Agentic Reinforcement Learning for Tool-Integrated Reasoning in VLMs,https://openaccess.thecvf.com/content/CVPR2026/papers/Lu_Scaling_Agentic_Reinforcement_Learning_for_Tool-Integrated_Reasoning_in_VLMs_CVPR_2026_paper.pdf,https://arxiv.org/abs/2511.19773,vision-language models; tool-integrated visual reasoning; VISTA-Gym; visual agentic reinforcement learning; multimodal reasoning tasks; visual tools; executable interaction loops; multi-turn trajectory sampling; reinforcement learning; reasoning-intensive VQA benchmarks,2026-06-06
Unleashing VLA Potentials in Autonomous Driving via Explicit Learning from Failures,https://openaccess.thecvf.com/content/CVPR2026/papers/Luo_Unleashing_VLA_Potentials_in_Autonomous_Driving_via_Explicit_Learning_from_CVPR_2026_paper.pdf,https://arxiv.org/abs/2603.01063,Vision-Language-Action models; autonomous driving; reinforcement learning optimization; supervised fine-tuning constraints; long-tail scenarios; explicit learning from failures; structured diagnostic feedback; feedback-guided refinement; NAVSIM benchmark; high-level planning accuracy,2026-06-06
Rethinking Visual Rearrangement from A Diffusion Perspective,https://openaccess.thecvf.com/content/CVPR2026/papers/Qi_Rethinking_Visual_Rearrangement_from_A_Diffusion_Perspective_CVPR_2026_paper.pdf,,visual rearrangement; diffusion bridge model; room shuffle and unshuffle; object rearrangement; spatial object distributions; Diffusion Rearrangement model; point cloud data; Gaussian mixture distributions; iterative denoising transformer; RoomR dataset,2026-06-06
ClimaOoD: Improving Anomaly Segmentation via Physically Realistic Synthetic Data,https://openaccess.thecvf.com/content/CVPR2026/papers/Liu_ClimaOoD_Improving_Anomaly_Segmentation_via_Physically_Realistic_Synthetic_Data_CVPR_2026_paper.pdf,https://arxiv.org/abs/2512.02686,anomaly segmentation; out-of-distribution objects; autonomous driving; synthetic data generation; image-to-image framework; weather-diverse driving data; anomaly inpainting; physically realistic synthetic data; ClimaOoD benchmark; open-world anomaly detection,2026-06-06
Multi-View Hierarchical Alignment Learning for Spatial Transcriptomics,https://openaccess.thecvf.com/content/CVPR2026/papers/Zhu_Multi-View_Hierarchical_Alignment_Learning_for_Spatial_Transcriptomics_CVPR_2026_paper.pdf,,spatial transcriptomics; multi-view hierarchical alignment learning; spatial clustering; cross-view consistency; spatial embeddings; gene expression profiles; prototype-level contrastive learning; semantic anchors; hierarchical contrastive multi-view clustering; spatial domain identification,2026-06-06
Action-Sketcher: From Reasoning to Action via Visual Sketches for Robotic Manipulation,https://openaccess.thecvf.com/content/CVPR2026/papers/Tan_Action-Sketcher_From_Reasoning_to_Action_via_Visual_Sketches_for_Robotic_CVPR_2026_paper.pdf,,long-horizon robotic manipulation; Vision-Language-Action policies; Visual Sketch; spatial intent externalization; referential grounding; See-Think-Sketch-Act workflow; adaptive token-gated strategy; sketch-to-action reinforcement; imitation learning; editable sketches,2026-06-06
FAPE-IR: Frequency-Aware Planning and Execution Framework for All-in-One Image Restoration,https://openaccess.thecvf.com/content/CVPR2026/papers/Liu_FAPE-IR_Frequency-Aware_Planning_and_Execution_Framework_for_All-in-One_Image_Restoration_CVPR_2026_paper.pdf,https://arxiv.org/abs/2511.14099,All-in-One Image Restoration; Frequency-Aware Planning; Multimodal Large Language Model; restoration plans; LoRA-based Mixture-of-Experts; diffusion-based executor; high-frequency experts; low-frequency experts; adversarial training; frequency regularization loss,2026-06-06
Asking like Socrates: Socrates helps VLMs understand remote sensing images,https://openaccess.thecvf.com/content/CVPR2026/papers/Shao_Asking_like_Socrates_Socrates_helps_VLMs_understand_remote_sensing_images_CVPR_2026_paper.pdf,https://arxiv.org/abs/2511.22396,Remote Sensing Evidence-of-Thought; SocraticAgent; remote sensing images; vision-language models; pseudo reasoning; Glance Effect; iterative visual evidence seeking; self-play multi-agent system; progressive reinforcement learning; RS VQA,2026-06-06
EgoSound: Benchmarking Sound Understanding in Egocentric Videos,https://openaccess.thecvf.com/content/CVPR2026/papers/Zhu_EgoSound_Benchmarking_Sound_Understanding_in_Egocentric_Videos_CVPR_2026_paper.pdf,https://arxiv.org/abs/2602.14122,egocentric sound understanding; Multimodal Large Language Models; EgoSound benchmark; egocentric videos; auditory reasoning; spatial localization; causal inference; cross-modal reasoning; Ego4D; EgoBlind,2026-06-06
Test-Time Attention Purification for Backdoored Large Vision Language Models,https://openaccess.thecvf.com/content/CVPR2026/papers/Zhang_Test-Time_Attention_Purification_for_Backdoored_Large_Vision_Language_Models_CVPR_2026_paper.pdf,https://arxiv.org/abs/2603.12989,large vision-language models; backdoor attacks; test-time defense; attention purification; cross-modal attention redistribution; attention stealing; CleanSight; visual-text attention ratio; cross-modal fusion layers; high-attention visual token pruning,2026-06-06
SCoRe: Salience-Coverage Reduction for Vision Token Pruning in Vision-Language Models,https://openaccess.thecvf.com/content/CVPR2026/papers/Xu_SCoRe_Salience-Coverage_Reduction_for_Vision_Token_Pruning_in_Vision-Language_Models_CVPR_2026_paper.pdf,,vision token pruning; Large Vision-Language Models; salience-coverage reduction; Representativeness Optimization Problem; Weighted k-Center Problem; visual token sequences; vision encoders; token redundancy; sampling collapse; semantic clusters,2026-06-06
Cross-Modal Guided Visual Synthesis for Data-Efficient Multimodal Depression Recognition,https://openaccess.thecvf.com/content/CVPR2026/papers/Yang_Cross-Modal_Guided_Visual_Synthesis_for_Data-Efficient_Multimodal_Depression_Recognition_CVPR_2026_paper.pdf,,Cross-Modal Guided Visual Synthesis; multimodal depression recognition; data-efficient multimodal learning; visual feature synthesis; conditional generative model; audio-text guided visual synthesis; task-guided joint optimization; closed-loop feedback mechanism; multimodal representation learning; DAIC-WOZ and E-DAIC benchmarks,2026-06-06
"Perceiving the Near, Reasoning the Distant: Coherent Long-Horizon Trajectory Prediction for Autonomous Driving",https://openaccess.thecvf.com/content/CVPR2026/papers/Hu_Perceiving_the_Near_Reasoning_the_Distant_Coherent_Long-Horizon_Trajectory_Prediction_CVPR_2026_paper.pdf,,long-horizon trajectory prediction; autonomous driving; NDPNet; near-horizon modeling; distant-horizon modeling; coherent trajectory propagation; transition module; motion-aware coherence loss; kinematic priors; Argoverse 2 and WOMD,2026-06-06
RoboAgent: Chaining Basic Capabilities for Embodied Task Planning,https://openaccess.thecvf.com/content/CVPR2026/papers/Xu_RoboAgent_Chaining_Basic_Capabilities_for_Embodied_Task_Planning_CVPR_2026_paper.pdf,https://arxiv.org/abs/2604.07774,embodied task planning; Vision-Language Models; multi-turn interaction; long-horizon reasoning; capability-driven planning pipeline; sub-capability invocation; scheduler; behavior cloning; DAgger training; reinforcement learning guided by expert policy,2026-06-06
Unsupervised Monocular 3D Keypoint Discovery from Multi-View Diffusion Priors,https://openaccess.thecvf.com/content/CVPR2026/papers/Jeon_Unsupervised_Monocular_3D_Keypoint_Discovery_from_Multi-View_Diffusion_Priors_CVPR_2026_paper.pdf,https://arxiv.org/abs/2507.12336,unsupervised monocular 3D keypoint discovery; 3D keypoint estimation; multi-view diffusion priors; pretrained multi-view diffusion model; single-view images; 3D geometric cues; 2D multi-view feature extraction; 3D feature volumes; 3D object manipulation; Human3.6M,2026-06-06
URScenes: A Multi-scenario Dataset for Unstructured Road Environments,https://openaccess.thecvf.com/content/CVPR2026/papers/Liu_URScenes_A_Multi-scenario_Dataset_for_Unstructured_Road_Environments_CVPR_2026_paper.pdf,,unstructured road environments; autonomous driving datasets; URScenes; multi-scenario perception dataset; adverse weather conditions; 3D object detection; multi-object tracking; 3D occupancy; unified annotation system; dataset format conversion,2026-06-06
From Indoor to Open World: Revealing the Spatial Reasoning Gap in MLLMs,https://openaccess.thecvf.com/content/CVPR2026/papers/Wu_From_Indoor_to_Open_World_Revealing_the_Spatial_Reasoning_Gap_CVPR_2026_paper.pdf,https://arxiv.org/abs/2512.19683,spatial reasoning in MLLMs; open-world spatial intelligence; pedestrian-perspective videos; synchronized stereo cameras; LiDAR and IMU/GPS sensors; metrically precise 3D information; spatial reasoning benchmark; qualitative relational reasoning; quantitative metric understanding; grounded visual reasoning,2026-06-06
MARSS: Radar Semantic Segmentation via Modular Attention and State Space Models,https://openaccess.thecvf.com/content/CVPR2026/papers/Chen_MARSS_Radar_Semantic_Segmentation_via_Modular_Attention_and_State_Space_CVPR_2026_paper.pdf,,Radar semantic segmentation; Modular Attention-enhanced Radar Semantic Segmentation; radar frequency maps; anisotropic radar features; multi-scale feature fusion; region-level attention; state space models; axial self-attention; range-Doppler features; CARRADA dataset,2026-06-06
Towards Generalizable AI-Generated Image Detection via Image-Adaptive Prompt Learning,https://openaccess.thecvf.com/content/CVPR2026/papers/Li_Towards_Generalizable_AI-Generated_Image_Detection_via_Image-Adaptive_Prompt_Learning_CVPR_2026_paper.pdf,https://arxiv.org/abs/2508.01603,AI-generated image detection; Image-Adaptive Prompt Learning; unseen generators; dynamic prompts; test-time adaptive tokens; Conditional Information Learner; CNN-based feature extractors; prediction consistency; multiple views; UniversalFakeDetect,2026-06-06
WAM-Flow: Parallel Coarse-to-Fine Motion Planning via Discrete Flow Matching for Autonomous Driving,https://openaccess.thecvf.com/content/CVPR2026/papers/Xu_WAM-Flow_Parallel_Coarse-to-Fine_Motion_Planning_via_Discrete_Flow_Matching_for_CVPR_2026_paper.pdf,https://arxiv.org/abs/2512.06112,WAM-Flow; vision-language-action model; ego-trajectory planning; discrete flow matching; structured token space; parallel bidirectional denoising; coarse-to-fine motion planning; metric-aligned numerical tokenizer; simulator-guided GRPO alignment; end-to-end autonomous driving,2026-06-06
Universal-to-Specific: Dynamic Knowledge-Guided Multiple Instance Learning for Few-Shot Whole Slide Image Classification,https://openaccess.thecvf.com/content/CVPR2026/papers/Li_Universal-to-Specific_Dynamic_Knowledge-Guided_Multiple_Instance_Learning_for_Few-Shot_Whole_Slide_CVPR_2026_paper.pdf,,Multiple Instance Learning; Whole Slide Image classification; few-shot pathology diagnosis; Vision-Language Models; dynamic knowledge-guided MIL; WSI-Adaptive Knowledge Instantiation; slide-specific visual evidence; histology visual prototypes; pathology knowledge base; Structural Consistency loss,2026-06-06
Boosting Vision-Language-Action Finetuning with Feasible Action Neighborhood Prior,https://openaccess.thecvf.com/content/CVPR2026/papers/Niu_Boosting_Vision-Language-Action_Finetuning_with_Feasible_Action_Neighborhood_Prior_CVPR_2026_paper.pdf,https://arxiv.org/abs/2604.01570,Vision-Language-Action finetuning; feasible action neighborhood; robotic manipulation; FAN-guided regularizer; Gaussian prior; locally smooth predictions; reinforced finetuning; supervised finetuning; out-of-distribution generalization; sample-efficient VLA adaptation,2026-06-06
VideoITG: Multimodal Video Understanding with Instructed Temporal Grounding,https://openaccess.thecvf.com/content/CVPR2026/papers/Wang_VideoITG_Multimodal_Video_Understanding_with_Instructed_Temporal_Grounding_CVPR_2026_paper.pdf,https://arxiv.org/abs/2507.13353,Video Large Language Models; multimodal video understanding; instructed temporal grounding; adaptive frame sampling; instruction-following tasks; temporal reasoning; VidThinker pipeline; instruction-conditioned captions; key frame selection; temporal grounding annotations,2026-06-06
KAMP: Knowledge-Anchored Multimodal Pretraining Framework for Medical Image Representation,https://openaccess.thecvf.com/content/CVPR2026/papers/Huang_KAMP_Knowledge-Anchored_Multimodal_Pretraining_Framework_for_Medical_Image_Representation_CVPR_2026_paper.pdf,,medical image representation learning; multimodal pretraining; biomedical cross-modal alignment; textual priors; personalized diagnostic knowledge; large language models; Group Relative Policy Optimization; cross-modal aligner; few-shot classification; cancer imaging datasets,2026-06-06
Saliency-R1: Enforcing Interpretable and Faithful Vision-language Reasoning via Saliency-map Alignment Reward,https://openaccess.thecvf.com/content/CVPR2026/papers/Gong_Saliency-R1_Enforcing_Interpretable_and_Faithful_Vision-language_Reasoning_via_Saliency-map_Alignment_CVPR_2026_paper.pdf,https://arxiv.org/abs/2604.04500,Saliency-R1; vision-language reasoning; saliency-map alignment reward; interpretable VLMs; reasoning faithfulness; critical image regions; generated token attribution; visual information flow; human-annotated bounding boxes; Group Relative Policy Optimization,2026-06-06
Open-Vocabulary Domain Generalization in Urban-Scene Segmentation,https://openaccess.thecvf.com/content/CVPR2026/papers/Zhao_Open-Vocabulary_Domain_Generalization_in_Urban-Scene_Segmentation_CVPR_2026_paper.pdf,https://arxiv.org/abs/2602.18853,Open-Vocabulary Domain Generalization; semantic segmentation; urban-scene segmentation; Vision-Language Models; Open-Vocabulary Semantic Segmentation; autonomous driving; synthetic-to-real generalization; real-to-real generalization; text-image correlation refinement; S2-Corr,2026-06-06
HiFi-BRep: High-Fidelity Latent Representation for Robust B-Rep Generation,https://openaccess.thecvf.com/content/CVPR2026/papers/Hou_HiFi-BRep_High-Fidelity_Latent_Representation_for_Robust_B-Rep_Generation_CVPR_2026_paper.pdf,,B-Rep generation; computer-aided design; high-fidelity latent representation; topology-aware encoder; learnable queries; topology-guided attention; single-stage decoder; joint geometry and topology prediction; differentiable manifold constraints; structural validity,2026-06-06
Text-Printed Image: Bridging the Image-Text Modality Gap for Text-centric Training of Large Vision-Language Models,https://openaccess.thecvf.com/content/CVPR2026/papers/Yamabe_Text-Printed_Image_Bridging_the_Image-Text_Modality_Gap_for_Text-centric_Training_CVPR_2026_paper.pdf,https://arxiv.org/abs/2512.03463,Text-Printed Image; text-centric training; large vision-language models; image-text modality gap; visual question answering; synthetic image generation; low-cost data scaling; LVLM training pipelines; data augmentation; automated data generation,2026-06-06
HBridge: H-Shape Bridging of Heterogeneous Experts for Unified Multimodal Understanding and Generation,https://openaccess.thecvf.com/content/CVPR2026/papers/Wang_HBridge_H-Shape_Bridging_of_Heterogeneous_Experts_for_Unified_Multimodal_Understanding_CVPR_2026_paper.pdf,https://arxiv.org/abs/2511.20520,HBridge; H-shaped architecture; heterogeneous experts; unified multimodal understanding and generation; Mixture-of-Transformers; asymmetric expert fusion; pretrained modality priors; intermediate layer bridging; semantic reconstruction tokens; cross-modal coherence,2026-06-06
Unified Number-Free Text-to-Motion Generation Via Flow Matching,https://openaccess.thecvf.com/content/CVPR2026/papers/Huang_Unified_Number-Free_Text-to-Motion_Generation_Via_Flow_Matching_CVPR_2026_paper.pdf,https://arxiv.org/abs/2603.27040,text-to-motion generation; flow matching; multi-person motion generation; variable agents; Unified Motion Flow; Pyramid Motion Flow; Semi-Noise Motion Flow; unified latent space; motion prior generation; reaction generation,2026-06-06
VQ-VA World: Towards High-Quality Visual Question-Visual Answering,https://openaccess.thecvf.com/content/CVPR2026/papers/Gou_VQ-VA_World_Towards_High-Quality_Visual_Question-Visual_Answering_CVPR_2026_paper.pdf,https://arxiv.org/abs/2511.20573,Visual Question-Visual Answering; VQ-VA World; image generation from visual questions; agentic data construction pipeline; interleaved image-text samples; web-scale data crawling; IntelligentBench; human-curated benchmark; world knowledge reasoning; open-source vision-language models,2026-06-06
From Contrast to Consistency: Rethinking Event-based Continuous-Time Optical Flow Estimation,https://openaccess.thecvf.com/content/CVPR2026/papers/Hu_From_Contrast_to_Consistency_Rethinking_Event-based_Continuous-Time_Optical_Flow_Estimation_CVPR_2026_paper.pdf,,continuous-time optical flow estimation; event-based cameras; dynamic visual perception; contrast maximization; Image of Warped Events; Spatio-temporal Structural Consistency; trajectory continuity; structural coherence; multi-scale architecture; hybrid-supervised learning,2026-06-06
ChordEdit: One-Step Low-Energy Transport for Image Editing,https://openaccess.thecvf.com/content/CVPR2026/papers/Lu_ChordEdit_One-Step_Low-Energy_Transport_for_Image_Editing_CVPR_2026_paper.pdf,https://arxiv.org/abs/2602.19083,one-step text-to-image models; text-guided image editing; training-free editing; inversion-free editing; dynamic optimal transport; low-energy transport; editing field smoothing; variance-reduced editing field; real-time image editing; source-target prompt distributions,2026-06-06
MagicFuse: Single Image Fusion for Visual and Semantic Reinforcement,https://openaccess.thecvf.com/content/CVPR2026/papers/Zhang_MagicFuse_Single_Image_Fusion_for_Visual_and_Semantic_Reinforcement_CVPR_2026_paper.pdf,https://arxiv.org/abs/2602.01760,single-image fusion; multi-modal image fusion; cross-spectral scene representation; low-quality visible image; intra-spectral knowledge reinforcement; cross-spectral knowledge generation; diffusion models; thermal radiation distribution; multi-domain knowledge fusion; visual and semantic constraints,2026-06-06
RobotSeg: A Model and Dataset for Segmenting Robots in Image and Video,https://openaccess.thecvf.com/content/CVPR2026/papers/Mei_RobotSeg_A_Model_and_Dataset_for_Segmenting_Robots_in_Image_CVPR_2026_paper.pdf,https://arxiv.org/abs/2511.22950,robot segmentation; robotic perception; visual servoing; VLA systems; robot-centric data augmentation; real-to-sim transfer; SAM 2; structure-enhanced memory associator; robot prompt generator; video robot segmentation dataset,2026-06-06
Self-supervised Dynamic Heterogeneous Degradation Modeling for Unified Zero-Shot Image Restoration,https://openaccess.thecvf.com/content/CVPR2026/papers/Hu_Self-supervised_Dynamic_Heterogeneous_Degradation_Modeling_for_Unified_Zero-Shot_Image_Restoration_CVPR_2026_paper.pdf,,zero-shot image restoration; heterogeneous degradation modeling; physically consistent priors; zero-shot diffusion; UP-ZeroIR; homogeneous all-in-one distribution; latent space optimization; prompt adaptation; dynamic quality-refinement; diffusion trajectory adaptation,2026-06-06
Learning to Learn Weight Generation via Local Consistency Diffusion,https://openaccess.thecvf.com/content/CVPR2026/papers/Guan_Learning_to_Learn_Weight_Generation_via_Local_Consistency_Diffusion_CVPR_2026_paper.pdf,https://arxiv.org/abs/2502.01117,diffusion-based weight generation; local consistency diffusion; meta-learning; cross-task transferability; local target assignment; local target weights; local-global inconsistency; global optimal weights; few-shot learning; domain generalization,2026-06-06
3D-LATTE: Latent Space 3D Editing from Textual Instructions,https://openaccess.thecvf.com/content/CVPR2026/papers/Parelli_3D-LATTE_Latent_Space_3D_Editing_from_Textual_Instructions_CVPR_2026_paper.pdf,https://arxiv.org/abs/2509.00269,instruction-based 3D asset editing; multi-view diffusion models; latent space 3D editing; native 3D diffusion model; 3D geometry manipulation; 3D attention maps; geometry-aware regularization; spectral modulation; Fourier domain; 3D enhancement,2026-06-06
NI-Tex: Non-isometric Image-based Garment Texture Generation,https://openaccess.thecvf.com/content/CVPR2026/papers/Shan_NI-Tex_Non-isometric_Image-based_Garment_Texture_Generation_CVPR_2026_paper.pdf,https://arxiv.org/abs/2511.18765,non-isometric image-based garment texture generation; PBR textures; 3D garment meshes; 3D Garment Videos; physically simulated garment dataset; cross-pose texture learning; Nano Banana image editing; cross-topology texture generation; uncertainty-guided view selection; iterative texture baking,2026-06-06
Active Intelligence in Video Avatars via Closed-loop World Modeling,https://openaccess.thecvf.com/content/CVPR2026/papers/He_Active_Intelligence_in_Video_Avatars_via_Closed-loop_World_Modeling_CVPR_2026_paper.pdf,https://arxiv.org/abs/2512.20615,video avatar generation; active intelligence; closed-loop world modeling; Long-horizon Interactive Visual Avatar; Online Reasoning and Cognitive Architecture; Internal World Model; Observe-Think-Act-Reflect cycle; hierarchical dual-system architecture; POMDP avatar control; continuous belief updating,2026-06-06
Generative Diffusion Priors for 3D Mapping of the Dark Universe,https://openaccess.thecvf.com/content/CVPR2026/papers/Zhao_Generative_Diffusion_Priors_for_3D_Mapping_of_the_Dark_Universe_CVPR_2026_paper.pdf,,3D dark matter reconstruction; weak-lensing observations; ill-posed inverse problem; cosmic web; cosmological simulations; Conicus3D; diffusion-model prior; diffusion-based posterior sampling; differentiable physical forward model; posterior uncertainty sampling,2026-06-06
PlanaReLoc: Camera Relocalization in 3D Planar Primitives via Region-Based Structure Matching,https://openaccess.thecvf.com/content/CVPR2026/papers/Ye_PlanaReLoc_Camera_Relocalization_in_3D_Planar_Primitives_via_Region-Based_Structure_CVPR_2026_paper.pdf,https://arxiv.org/abs/2603.20818,3D planar primitives; camera relocalization; 6-DoF pose estimation; region-based structure matching; 3D planar maps; planar primitives; deep matcher; unified embedding space; cross-modal structural correspondences; structured environments,2026-06-06
Generalizable Knowledge Distillation from Vision Foundation Models for Semantic Segmentation,https://openaccess.thecvf.com/content/CVPR2026/papers/Lv_Generalizable_Knowledge_Distillation_from_Vision_Foundation_Models_for_Semantic_Segmentation_CVPR_2026_paper.pdf,https://arxiv.org/abs/2603.02554,Generalizable Knowledge Distillation; vision foundation models; semantic segmentation; out-of-domain generalization; distribution shifts; domain-agnostic representations; selective feature distillation; task adaptation; query-based soft distillation; transferable spatial knowledge,2026-06-06
Coverage Optimization for Camera View Selection,https://openaccess.thecvf.com/content/CVPR2026/papers/Chen_Coverage_Optimization_for_Camera_View_Selection_CVPR_2026_paper.pdf,https://arxiv.org/abs/2604.05259,active view selection; camera view selection; 3D reconstruction; informative camera poses; Fisher Information Gain; coverage-based view selection; COVER; Nerfstudio; embodied data acquisition; radiance-field baselines,2026-06-06
StableMaterials: Enhancing Diversity in Material Generation via Semi-Supervised Learning,https://openaccess.thecvf.com/content/CVPR2026/papers/Vecchio_StableMaterials_Enhancing_Diversity_in_Material_Generation_via_Semi-Supervised_Learning_CVPR_2026_paper.pdf,https://arxiv.org/abs/2406.09293,PBR material generation; semi-supervised learning; Latent Diffusion Models; adversarial knowledge distillation; SDXL texture distribution alignment; diffusion-based refiner model; high-resolution material generation; latent consistency model; fast four-step generation; tileability artifact removal,2026-06-06
MEMO: Human-like Crisp Edge Detection Using Masked Edge Prediction,https://openaccess.thecvf.com/content/CVPR2026/papers/Cheng_MEMO_Human-like_Crisp_Edge_Detection_Using_Masked_Edge_Prediction_CVPR_2026_paper.pdf,https://arxiv.org/abs/2603.20782,Masked Edge Prediction; crisp edge detection; single-pixel edge annotations; cross-entropy loss; synthetic edge dataset; input masking; progressive prediction strategy; prediction confidence gradient; human-like edge maps; crispness-aware evaluations,2026-06-06
UniSER: A Foundation Model for Unified Soft Effects Removal,https://openaccess.thecvf.com/content/CVPR2026/papers/Zhang_UniSER_A_Foundation_Model_for_Unified_Soft_Effects_Removal_CVPR_2026_paper.pdf,https://arxiv.org/abs/2511.14183,soft effects removal; image restoration; lens flare removal; haze removal; shadow removal; reflection removal; semi-transparent occlusions; Diffusion Transformer fine-tuning; fine-grained mask controls; high-fidelity restoration,2026-06-06
Efficient Frame Selection for Long Video Understanding via Reinforcement Learning,https://openaccess.thecvf.com/content/CVPR2026/papers/Qin_Efficient_Frame_Selection_for_Long_Video_Understanding_via_Reinforcement_Learning_CVPR_2026_paper.pdf,,Multimodal Large Language Models; long video understanding; frame selection; keyframe identification; uniform frame sampling; limited context windows; query-frame relevance modeling; reinforcement learning; hierarchical reward; stochastic frame combination exploration,2026-06-06
PIX-TAB: Efficient PIXel-Precise TABle Structure Recognition Approach with Speculative Decoding and Region-Based Image Segmentation,https://openaccess.thecvf.com/content/CVPR2026/papers/Zaytsev_PIX-TAB_Efficient_PIXel-Precise_TABle_Structure_Recognition_Approach_with_Speculative_Decoding_CVPR_2026_paper.pdf,,table structure recognition; document AI; PIX-TAB; pixel-precise tokens; deterministic cell reconstruction; speculative decoding; training-only box supervision; spatial grounding; region-based image segmentation; synthetic table dataset,2026-06-06
Any2Any 3D Diffusion Models with Knowledge Transfer: A Radiotherapy Planning Study,https://openaccess.thecvf.com/content/CVPR2026/papers/Wang_Any2Any_3D_Diffusion_Models_with_Knowledge_Transfer_A_Radiotherapy_Planning_CVPR_2026_paper.pdf,https://arxiv.org/abs/2605.09622,voxel-wise dose prediction; radiotherapy planning; DiffKT3D; Any2Any 3D diffusion; knowledge transfer; pretrained video diffusion models; modality-specific embeddings; modality-aware conditioning; reinforcement learning post-training; clinically-informed Scorecard,2026-06-06
VLM-PTQ: Efficient Post-Training Quantization for Large Vision-Language Models,https://openaccess.thecvf.com/content/CVPR2026/papers/Deng_VLM-PTQ_Efficient_Post-Training_Quantization_for_Large_Vision-Language_Models_CVPR_2026_paper.pdf,,post-training quantization; Vision-Language Models; VLM-PTQ; asymmetric calibration; weight compensation; quantization target correction; inverse Hessian column; modality-aware quantization; channel importance; low-bit compression,2026-06-06
PointCNN++: Performant Convolution on Native Points,https://openaccess.thecvf.com/content/CVPR2026/papers/Li_PointCNN_Performant_Convolution_on_Native_Points_CVPR_2026_paper.pdf,https://arxiv.org/abs/2511.23227,PointCNN++; point cloud convolution; 3D point cloud learning; sparse convolution; native point operations; point-centric convolution; point cloud registration; geometric fidelity; Matrix-Vector Multiplication and Reduction; optimized GPU kernel,2026-06-06
High-Fidelity Diffusion Face Swapping with ID-Constrained Facial Conditioning,https://openaccess.thecvf.com/content/CVPR2026/papers/He_High-Fidelity_Diffusion_Face_Swapping_with_ID-Constrained_Facial_Conditioning_CVPR_2026_paper.pdf,https://arxiv.org/abs/2503.22179,diffusion face swapping; identity-constrained facial conditioning; identity preservation; attribute alignment; decoupled condition injection; identity-constrained attribute tuning; adversarial loss; post-training refinement; identity similarity; attribute consistency,2026-06-06
Weakly Supervised Video Anomaly Detection with Anomaly-Connected Components and Intention Reasoning,https://openaccess.thecvf.com/content/CVPR2026/papers/Wang_Weakly_Supervised_Video_Anomaly_Detection_with_Anomaly-Connected_Components_and_Intention_CVPR_2026_paper.pdf,https://arxiv.org/abs/2603.00550,weakly supervised video anomaly detection; WS-VAD; temporal anomaly localization; untrimmed videos; video-level annotations; LAS-VAD; anomaly-connected components; intention awareness mechanism; anomaly attribute information; XD-Violence and UCF-Crime,2026-06-06
CSF: Black-box Fingerprinting via Compositional Semantics for Text-to-Image Models,https://openaccess.thecvf.com/content/CVPR2026/papers/Lee_CSF_Black-box_Fingerprinting_via_Compositional_Semantics_for_Text-to-Image_Models_CVPR_2026_paper.pdf,https://arxiv.org/abs/2604.16363,black-box fingerprinting; Compositional Semantic Fingerprinting; text-to-image models; model attribution; fine-tuned model lineage; compositional underspecified prompts; semantic category generators; Bayesian attribution framework; controlled-risk lineage decisions; dominance criterion,2026-06-06
Vision Transformers Need More Than Registers,https://openaccess.thecvf.com/content/CVPR2026/papers/Shi_Vision_Transformers_Need_More_Than_Registers_CVPR_2026_paper.pdf,https://arxiv.org/abs/2602.22394,Vision Transformers; ViT artifacts; lazy aggregation; background patches; global attention; coarse-grained semantic supervision; CLS token; patch feature integration; background-dominated shortcuts; semantic shortcuts,2026-06-06
Prompt Yourself: Awakening Textual Semantics in 1D Visual Tokenizers,https://openaccess.thecvf.com/content/CVPR2026/papers/Wang_Prompt_Yourself_Awakening_Textual_Semantics_in_1D_Visual_Tokenizers_CVPR_2026_paper.pdf,,1D visual tokenizers; VLTok; hybrid tokenizer; visual-language representations; shared token space; self-prompted training; cross-modal alignment; textual tokens; fine-grained image encoding; image reconstruction,2026-06-06
Distilling Balanced Knowledge from a Biased Teacher,https://openaccess.thecvf.com/content/CVPR2026/papers/Kim_Distilling_Balanced_Knowledge_from_a_Biased_Teacher_CVPR_2026_paper.pdf,https://arxiv.org/abs/2506.18496,Long-Tailed Knowledge Distillation; long-tailed distributions; biased teacher model; head classes; tail classes; cross-group loss; within-group loss; teacher bias mitigation; rebalanced cross-group loss; reweighted within-group loss,2026-06-06
Parameterized Prompt for Incremental Object Detection,https://openaccess.thecvf.com/content/CVPR2026/papers/An_Parameterized_Prompt_for_Incremental_Object_Detection_CVPR_2026_paper.pdf,https://arxiv.org/abs/2510.27316,incremental object detection; parameterized prompts; trainable prompts; prompt-pool-based approaches; co-occurring scenarios; catastrophic forgetting; adaptive consolidation; parameterized prompts fusion; pretrained models; PASCAL VOC2007 and MS COCO,2026-06-06
PixelDiT: Pixel Diffusion Transformers for Image Generation,https://openaccess.thecvf.com/content/CVPR2026/papers/Yu_PixelDiT_Pixel_Diffusion_Transformers_for_Image_Generation_CVPR_2026_paper.pdf,https://arxiv.org/abs/2511.20645,PixelDiT; Pixel Diffusion Transformers; pixel-space diffusion; image generation; single-stage end-to-end modeling; autoencoder-free diffusion; patch-level DiT; pixel-level DiT; text-to-image generation; transformer-based architecture,2026-06-06
BrepGaussian: CAD reconstruction from Multi-View Images with Gaussian Splatting,https://openaccess.thecvf.com/content/CVPR2026/papers/Yu_BrepGaussian_CAD_reconstruction_from_Multi-View_Images_with_Gaussian_Splatting_CVPR_2026_paper.pdf,https://arxiv.org/abs/2602.21105,B-Rep reconstruction; CAD reconstruction; multi-view images; Gaussian Splatting; 3D parametric representations; 3D shape geometry recovery; learnable feature rendering; two-stage learning framework; geometry and edge reconstruction; coherent instance representations,2026-06-06
"HiF-VLA: Hindsight, Insight and Foresight through Motion Representation for Vision-Language-Action Models",https://openaccess.thecvf.com/content/CVPR2026/papers/Lin_HiF-VLA_Hindsight_Insight_and_Foresight_through_Motion_Representation_for_Vision-Language-Action_CVPR_2026_paper.pdf,https://arxiv.org/abs/2512.09928,Vision-Language-Action models; robotic manipulation; motion representation; temporal context; world dynamics; temporal myopia; motion-centric world model; bidirectional temporal reasoning; long-horizon manipulation; LIBERO-Long benchmark,2026-06-06
VLM4RSDet: Collaborative Optimization with Vision-Language Model for Enhancing Remote Sensing Object Detection,https://openaccess.thecvf.com/content/CVPR2026/papers/Shi_VLM4RSDet_Collaborative_Optimization_with_Vision-Language_Model_for_Enhancing_Remote_Sensing_CVPR_2026_paper.pdf,,VLM4RSDet; remote sensing object detection; closed-set object detection; Vision-Language Models; collaborative training framework; Global-Local Cross-Attention; Learnable Hierarchical Prediction Strategy; standard object detection architecture; deployment overhead reduction; VisDrone2019 dataset,2026-06-06
Global Structure-from-Motion Meets Feedforward Reconstruction,https://openaccess.thecvf.com/content/CVPR2026/papers/Pan_Global_Structure-from-Motion_Meets_Feedforward_Reconstruction_CVPR_2026_paper.pdf,,Structure-from-Motion; feedforward 3D reconstruction; camera pose estimation; 3D scene structure; classical SfM methods; low-texture reconstruction; limited image overlap; symmetry failure cases; global reconstruction pipeline; COLMAP GlueMap,2026-06-06
TUNA: Taming Unified Visual Representations for Native Unified Multimodal Models,https://openaccess.thecvf.com/content/CVPR2026/papers/Liu_TUNA_Taming_Unified_Visual_Representations_for_Native_Unified_Multimodal_Models_CVPR_2026_paper.pdf,https://arxiv.org/abs/2512.02014,unified multimodal models; TUNA; unified continuous visual representation; VAE encoder; representation encoder; image and video understanding; image and video generation; image editing; multimodal understanding and generation benchmarks; end-to-end visual representation,2026-06-06
Compositional Transformation Reasoning for Composed Video Retrieval,https://openaccess.thecvf.com/content/CVPR2026/papers/Huang_Compositional_Transformation_Reasoning_for_Composed_Video_Retrieval_CVPR_2026_paper.pdf,,Composed Video Retrieval; compositional multimodal transformations; fine-grained textual edits; Multi-objective Reasoning; zero-shot framework; MLLMs; pairwise candidate reasoning; entity-action-scene reasoning; multi-objective candidate selection; multimodal similarity,2026-06-06
IGen: Scalable Data Generation for Robot Learning from Open-World Images,https://openaccess.thecvf.com/content/CVPR2026/papers/Gu_IGen_Scalable_Data_Generation_for_Robot_Learning_from_Open-World_Images_CVPR_2026_paper.pdf,https://arxiv.org/abs/2512.01773,open-world images; robot learning; scalable data generation; generalist robotic policies; 3D scene representations; vision-language models; SE(3) end-effector pose sequences; visuomotor data; temporally coherent visual observations; robotic manipulation tasks,2026-06-06
Weight Space Representation Learning via Neural Field Adaptation,https://openaccess.thecvf.com/content/CVPR2026/papers/Yang_Weight_Space_Representation_Learning_via_Neural_Field_Adaptation_CVPR_2026_paper.pdf,,weight space representation learning; neural fields; neural field adaptation; multiplicative low-rank adaptation; mLoRA weights; pre-trained base model; 2D and 3D data; latent diffusion models; weight-space generation; semantic structure,2026-06-06
Bringing Your Portrait to 3D Presence,https://openaccess.thecvf.com/content/CVPR2026/papers/Zhang_Bringing_Your_Portrait_to_3D_Presence_CVPR_2026_paper.pdf,https://arxiv.org/abs/2511.22553,animatable 3D human avatars; single-portrait reconstruction; Dual-UV representation; canonical UV space; Core-UV and Shell-UV branches; pose- and framing-sensitive feature representations; factorized synthetic data manifold; geometry-consistent 3D renderings; proxy-mesh tracker; in-the-wild generalization,2026-06-06
OpenMMReasoner: Pushing the Frontiers in Multimodal Reasoning with an Open and General Recipe,https://openaccess.thecvf.com/content/CVPR2026/papers/Zhang_OpenMMReasoner_Pushing_the_Frontiers_in_Multimodal_Reasoning_with_an_Open_CVPR_2026_paper.pdf,https://arxiv.org/abs/2511.16334,multimodal reasoning; large reasoning models; visual reasoning; supervised fine-tuning; reinforcement learning; data curation; cold-start dataset; step-by-step validation; multimodal reasoning benchmarks; Qwen2.5-VL-7B-Instruct,2026-06-06
Dynamic Visual SLAM using a General 3D Prior,https://openaccess.thecvf.com/content/CVPR2026/papers/Zhong_Dynamic_Visual_SLAM_using_a_General_3D_Prior_CVPR_2026_paper.pdf,https://arxiv.org/abs/2512.06868,monocular visual SLAM; dynamic scenes; camera pose estimation; 3D reconstruction; feed-forward reconstruction models; dynamic region filtering; depth prediction; patch-based online bundle adjustment; scale ambiguity; depth-patch alignment,2026-06-06
W2W: Language-Model-Based Trajectory Prediction with Reinforcement Learning,https://openaccess.thecvf.com/content/CVPR2026/papers/Xu_W2W_Language-Model-Based_Trajectory_Prediction_with_Reinforcement_Learning_CVPR_2026_paper.pdf,,pedestrian trajectory prediction; language-model-based trajectory prediction; reinforcement learning; Write-to-Walk; social interaction cues; parsable textual prompts; T5-Small fine-tuning; ADE error reward; off-road penalties; scene constraints,2026-06-06
RAID: Retrieval-Augmented Anomaly Detection,https://openaccess.thecvf.com/content/CVPR2026/papers/Cai_RAID_Retrieval-Augmented_Anomaly_Detection_CVPR_2026_paper.pdf,https://arxiv.org/abs/2602.19611,Unsupervised Anomaly Detection; retrieval-augmented anomaly detection; anomaly localization; hierarchical vector database; matching cost volume; guided Mixture-of-Experts; noise suppression; anomaly map generation; normal template retrieval; few-shot anomaly detection,2026-06-06
ShowTable: Unlocking Creative Table Visualization with Collaborative Reflection and Refinement,https://openaccess.thecvf.com/content/CVPR2026/papers/Liu_ShowTable_Unlocking_Creative_Table_Visualization_with_Collaborative_Reflection_and_Refinement_CVPR_2026_paper.pdf,https://arxiv.org/abs/2512.13303,creative table visualization; infographic generation; data-to-visual mapping; ShowTable; MLLM orchestrator; diffusion models; progressive self-correction; visual planning; automated data construction; TableVisBench,2026-06-06
Hybrid Agents for Image Restoration,https://openaccess.thecvf.com/content/CVPR2026/papers/Li_Hybrid_Agents_for_Image_Restoration_CVPR_2026_paper.pdf,https://arxiv.org/abs/2503.10120,image restoration; HybridAgent; hybrid agents; multimodal large language model; instruction tuning; degradation identification; restoration tools; lightweight large language model; in-context learning; mixed distortion removal,2026-06-06
Same or Not? Enhancing Visual Perception in Vision-Language Models,https://openaccess.thecvf.com/content/CVPR2026/papers/Marsili_Same_or_Not_Enhancing_Visual_Perception_in_Vision-Language_Models_CVPR_2026_paper.pdf,https://arxiv.org/abs/2512.23592,vision-language models; fine-grained perception; visual biases; TWIN dataset; image-pair queries; same-object recognition; nuanced visual cues; FGVQA benchmark; fine-grained recognition; object annotations,2026-06-06
Turbo-GS: Accelerating 3D Gaussian Fitting for High-Resolution Radiance Fields,https://openaccess.thecvf.com/content/CVPR2026/papers/Dhiman_Turbo-GS_Accelerating_3D_Gaussian_Fitting_for_High-Resolution_Radiance_Fields_CVPR_2026_paper.pdf,,3D Gaussian Splatting; novel view synthesis; high-resolution radiance fields; 3D Gaussian fitting; dilated rendering; convergence-aware budget control; densification efficiency; gradient vanishing; 4K-resolution fitting; rendering fidelity,2026-06-06
EmbodMocap: In-the-Wild 4D Human-Scene Reconstruction for Embodied Agents,https://openaccess.thecvf.com/content/CVPR2026/papers/Wang_EmbodMocap_In-the-Wild_4D_Human-Scene_Reconstruction_for_Embodied_Agents_CVPR_2026_paper.pdf,https://arxiv.org/abs/2602.23205,4D human-scene reconstruction; embodied agents; scene-conditioned human motion; dual RGB-D sequences; metric world coordinate frame; dual-view depth ambiguity mitigation; monocular human-scene reconstruction; physics-based character animation; human-object interaction; sim-to-real robot motion control,2026-06-06
